touchpoint_id,customer_id,channel,campaign_id,touchpoint_date,is_conversion,revenue,device,session_duration_sec
T00001,CUST0001,Organic,C117,2024-02-16 00:00:00,False,0.0,Desktop,391
T00002,CUST0001,Paid_Ad,C033,2024-02-18 00:00:00,True,270.8,Tablet,299
T00003,CUST0002,Organic,C102,2024-02-02 00:00:00,False,0.0,Desktop,380
T00004,CUST0002,Paid_Ad,C037,2024-02-05 00:00:00,True,338.32,Tablet,212
T00005,CUST0003,Social,C087,2024-02-04 00:00:00,False,0.0,Mobile,305
T00006,CUST0003,Paid_Ad,C044,2024-02-07 00:00:00,True,227.19,Tablet,224
T00007,CUST0004,Social,C080,2024-09-01 00:00:00,False,0.0,Tablet,277
T00008,CUST0004,Paid_Ad,C049,2024-09-03 00:00:00,True,102.89,Mobile,264
T00009,CUST0005,Organic,C119,2024-08-05 00:00:00,False,0.0,Mobile,139
T00010,CUST0005,Paid_Ad,C040,2024-08-07 00:00:00,True,241.99,Mobile,534
T00011,CUST0006,Paid_Ad,C035,2024-01-09 00:00:00,False,0.0,Desktop,410
T00012,CUST0006,Email,C021,2024-01-10 00:00:00,False,0.0,Desktop,311
T00013,CUST0006,Social,C096,2024-01-11 00:00:00,False,0.0,Mobile,553
T00014,CUST0006,Email,C018,2024-01-12 00:00:00,True,183.01,Desktop,257
T00015,CUST0007,Paid_Ad,C036,2024-04-23 00:00:00,False,0.0,Tablet,463
T00016,CUST0007,Email,C031,2024-04-26 00:00:00,False,0.0,Tablet,63
T00017,CUST0007,Social,C087,2024-04-29 00:00:00,False,0.0,Desktop,208
T00018,CUST0007,Email,C030,2024-05-02 00:00:00,True,153.22,Mobile,560
T00019,CUST0008,Social,C065,2024-07-07 00:00:00,False,0.0,Mobile,245
T00020,CUST0008,Paid_Ad,C057,2024-07-10 00:00:00,True,262.66,Tablet,133
T00021,CUST0009,Paid_Ad,C049,2024-08-16 00:00:00,False,0.0,Mobile,591
T00022,CUST0009,Organic,C113,2024-08-19 00:00:00,True,224.03,Mobile,305
T00023,CUST0010,Social,C088,2024-06-18 00:00:00,False,0.0,Mobile,540
T00024,CUST0010,Paid_Ad,C060,2024-06-21 00:00:00,True,177.41,Mobile,459
T00025,CUST0011,Paid_Ad,C058,2024-07-08 00:00:00,False,0.0,Desktop,491
T00026,CUST0011,Organic,C108,2024-07-11 00:00:00,True,134.68,Tablet,164
T00027,CUST0012,Paid_Ad,C039,2024-05-16 00:00:00,False,0.0,Tablet,306
T00028,CUST0012,Email,C016,2024-05-19 00:00:00,False,0.0,Tablet,472
T00029,CUST0012,Social,C089,2024-05-22 00:00:00,False,0.0,Mobile,179
T00030,CUST0012,Email,C010,2024-05-25 00:00:00,True,390.18,Desktop,39
T00031,CUST0013,Paid_Ad,C064,2024-12-01 00:00:00,False,0.0,Mobile,559
T00032,CUST0013,Social,C085,2024-12-06 00:00:00,False,0.0,Desktop,337
T00033,CUST0013,Email,C017,2024-12-11 00:00:00,True,247.57,Tablet,78
T00034,CUST0014,Email,C011,2024-06-26 00:00:00,False,0.0,Mobile,250
T00035,CUST0014,Email,C017,2024-06-27 00:00:00,True,218.23,Desktop,128
T00036,CUST0015,Social,C081,2024-11-10 00:00:00,False,0.0,Desktop,398
T00037,CUST0015,Paid_Ad,C049,2024-11-13 00:00:00,True,119.75,Desktop,50
T00038,CUST0016,Email,C023,2024-02-13 00:00:00,False,0.0,Tablet,233
T00039,CUST0016,Email,C012,2024-02-14 00:00:00,True,158.73,Desktop,393
T00040,CUST0017,Paid_Ad,C064,2024-06-26 00:00:00,False,0.0,Tablet,487
T00041,CUST0017,Organic,C102,2024-07-01 00:00:00,True,192.34,Desktop,323
T00042,CUST0018,Social,C075,2024-05-27 00:00:00,False,0.0,Tablet,375
T00043,CUST0018,Paid_Ad,C059,2024-05-29 00:00:00,True,361.78,Tablet,444
T00044,CUST0019,Email,C011,2024-04-22 00:00:00,True,235.05,Desktop,263
T00045,CUST0020,Paid_Ad,C051,2024-09-24 00:00:00,False,0.0,Tablet,303
T00046,CUST0020,Organic,C122,2024-09-27 00:00:00,True,211.96,Desktop,485
T00047,CUST0021,Paid_Ad,C061,2024-06-29 00:00:00,False,0.0,Desktop,201
T00048,CUST0021,Organic,C108,2024-07-04 00:00:00,True,225.57,Mobile,158
T00049,CUST0022,Organic,C102,2024-11-02 00:00:00,False,0.0,Mobile,200
T00050,CUST0022,Paid_Ad,C058,2024-11-05 00:00:00,True,254.78,Mobile,127
T00051,CUST0023,Email,C004,2024-03-03 00:00:00,True,242.97,Mobile,436
T00052,CUST0024,Organic,C103,2024-09-29 00:00:00,False,0.0,Desktop,189
T00053,CUST0024,Email,C006,2024-09-30 00:00:00,True,197.28,Tablet,429
T00054,CUST0025,Social,C080,2024-07-16 00:00:00,False,0.0,Tablet,320
T00055,CUST0025,Social,C093,2024-07-19 00:00:00,False,0.0,Tablet,159
T00056,CUST0025,Paid_Ad,C041,2024-07-22 00:00:00,False,0.0,Tablet,204
T00057,CUST0025,Email,C002,2024-07-25 00:00:00,True,115.01,Mobile,395
T00058,CUST0026,Paid_Ad,C062,2024-04-12 00:00:00,False,0.0,Tablet,308
T00059,CUST0026,Organic,C125,2024-04-16 00:00:00,True,181.38,Mobile,582
T00060,CUST0027,Paid_Ad,C060,2024-11-08 00:00:00,False,0.0,Tablet,576
T00061,CUST0027,Social,C084,2024-11-14 00:00:00,False,0.0,Desktop,523
T00062,CUST0027,Email,C015,2024-11-20 00:00:00,True,94.17,Mobile,482
T00063,CUST0028,Social,C091,2024-03-28 00:00:00,False,0.0,Desktop,189
T00064,CUST0028,Social,C084,2024-04-02 00:00:00,False,0.0,Mobile,30
T00065,CUST0028,Paid_Ad,C041,2024-04-07 00:00:00,False,0.0,Desktop,323
T00066,CUST0028,Email,C031,2024-04-12 00:00:00,True,252.97,Tablet,38
T00067,CUST0029,Social,C084,2024-10-07 00:00:00,False,0.0,Mobile,470
T00068,CUST0029,Paid_Ad,C051,2024-10-11 00:00:00,True,150.11,Tablet,266
T00069,CUST0030,Social,C088,2024-04-09 00:00:00,False,0.0,Mobile,451
T00070,CUST0030,Email,C028,2024-04-15 00:00:00,False,0.0,Desktop,285
T00071,CUST0030,Paid_Ad,C043,2024-04-21 00:00:00,True,244.68,Tablet,429
T00072,CUST0031,Email,C017,2024-09-28 00:00:00,False,0.0,Mobile,462
T00073,CUST0031,Email,C016,2024-09-30 00:00:00,True,342.81,Tablet,308
T00074,CUST0032,Social,C082,2024-04-01 00:00:00,False,0.0,Desktop,222
T00075,CUST0032,Social,C069,2024-04-08 00:00:00,False,0.0,Mobile,169
T00076,CUST0032,Paid_Ad,C051,2024-04-15 00:00:00,False,0.0,Mobile,496
T00077,CUST0032,Email,C029,2024-04-22 00:00:00,True,138.39,Desktop,533
T00078,CUST0033,Organic,C098,2024-09-19 00:00:00,False,0.0,Mobile,80
T00079,CUST0033,Paid_Ad,C034,2024-09-22 00:00:00,True,239.17,Mobile,134
T00080,CUST0034,Social,C073,2024-08-01 00:00:00,False,0.0,Tablet,478
T00081,CUST0034,Social,C065,2024-08-05 00:00:00,False,0.0,Mobile,122
T00082,CUST0034,Paid_Ad,C042,2024-08-09 00:00:00,False,0.0,Mobile,535
T00083,CUST0034,Email,C014,2024-08-13 00:00:00,True,121.22,Desktop,460
T00084,CUST0035,Social,C088,2023-12-20 00:00:00,False,0.0,Desktop,62
T00085,CUST0035,Social,C086,2023-12-26 00:00:00,False,0.0,Mobile,179
T00086,CUST0035,Paid_Ad,C036,2024-01-01 00:00:00,False,0.0,Desktop,431
T00087,CUST0035,Email,C005,2024-01-07 00:00:00,True,251.76,Tablet,511
T00088,CUST0036,Paid_Ad,C049,2024-08-05 00:00:00,False,0.0,Desktop,42
T00089,CUST0036,Social,C072,2024-08-08 00:00:00,False,0.0,Tablet,284
T00090,CUST0036,Email,C025,2024-08-11 00:00:00,True,268.66,Desktop,283
T00091,CUST0037,Social,C094,2024-11-10 00:00:00,False,0.0,Tablet,126
T00092,CUST0037,Email,C014,2024-11-13 00:00:00,False,0.0,Desktop,428
T00093,CUST0037,Paid_Ad,C052,2024-11-16 00:00:00,True,232.74,Desktop,192
T00094,CUST0038,Social,C072,2024-08-26 00:00:00,False,0.0,Desktop,522
T00095,CUST0038,Email,C020,2024-09-01 00:00:00,False,0.0,Mobile,399
T00096,CUST0038,Paid_Ad,C036,2024-09-07 00:00:00,True,206.5,Tablet,253
T00097,CUST0039,Email,C028,2024-07-25 00:00:00,True,254.86,Desktop,45
T00098,CUST0040,Paid_Ad,C040,2024-11-24 00:00:00,False,0.0,Desktop,278
T00099,CUST0040,Social,C065,2024-11-28 00:00:00,False,0.0,Mobile,516
T00100,CUST0040,Email,C010,2024-12-02 00:00:00,True,146.88,Desktop,121
T00101,CUST0041,Organic,C128,2024-02-13 00:00:00,False,0.0,Mobile,376
T00102,CUST0041,Paid_Ad,C036,2024-02-15 00:00:00,True,114.54,Mobile,394
T00103,CUST0042,Paid_Ad,C039,2024-09-24 00:00:00,False,0.0,Mobile,529
T00104,CUST0042,Social,C079,2024-09-30 00:00:00,False,0.0,Desktop,385
T00105,CUST0042,Email,C029,2024-10-06 00:00:00,True,139.38,Tablet,227
T00106,CUST0043,Social,C087,2024-07-19 00:00:00,False,0.0,Tablet,167
T00107,CUST0043,Email,C017,2024-07-24 00:00:00,False,0.0,Mobile,526
T00108,CUST0043,Paid_Ad,C061,2024-07-29 00:00:00,True,145.58,Tablet,331
T00109,CUST0044,Organic,C109,2024-04-09 00:00:00,False,0.0,Tablet,221
T00110,CUST0044,Email,C023,2024-04-13 00:00:00,True,194.33,Desktop,509
T00111,CUST0045,Social,C075,2024-04-22 00:00:00,False,0.0,Mobile,573
T00112,CUST0045,Social,C074,2024-04-29 00:00:00,False,0.0,Desktop,332
T00113,CUST0045,Paid_Ad,C049,2024-05-06 00:00:00,False,0.0,Tablet,405
T00114,CUST0045,Email,C030,2024-05-13 00:00:00,True,121.99,Mobile,548
T00115,CUST0046,Email,C002,2024-05-12 00:00:00,False,0.0,Tablet,402
T00116,CUST0046,Email,C016,2024-05-14 00:00:00,True,130.64,Desktop,94
T00117,CUST0047,Organic,C109,2024-03-06 00:00:00,False,0.0,Tablet,539
T00118,CUST0047,Email,C010,2024-03-10 00:00:00,True,256.93,Tablet,319
T00119,CUST0048,Paid_Ad,C053,2024-04-12 00:00:00,False,0.0,Mobile,128
T00120,CUST0048,Organic,C101,2024-04-16 00:00:00,True,176.61,Mobile,162
T00121,CUST0049,Paid_Ad,C045,2024-10-13 00:00:00,False,0.0,Mobile,527
T00122,CUST0049,Social,C077,2024-10-14 00:00:00,False,0.0,Mobile,62
T00123,CUST0049,Email,C025,2024-10-15 00:00:00,True,112.31,Tablet,531
T00124,CUST0050,Organic,C100,2024-02-05 00:00:00,False,0.0,Desktop,256
T00125,CUST0050,Email,C005,2024-02-08 00:00:00,True,209.37,Mobile,243
T00126,CUST0051,Social,C094,2024-04-17 00:00:00,False,0.0,Tablet,92
T00127,CUST0051,Paid_Ad,C056,2024-04-18 00:00:00,True,103.12,Tablet,455
T00128,CUST0052,Paid_Ad,C050,2024-09-04 00:00:00,False,0.0,Tablet,71
T00129,CUST0052,Organic,C101,2024-09-05 00:00:00,True,224.09,Desktop,109
T00130,CUST0053,Organic,C103,2024-04-04 00:00:00,False,0.0,Mobile,266
T00131,CUST0053,Paid_Ad,C057,2024-04-09 00:00:00,True,320.86,Mobile,227
T00132,CUST0054,Organic,C108,2024-09-06 00:00:00,False,0.0,Tablet,455
T00133,CUST0054,Email,C007,2024-09-08 00:00:00,True,206.61,Tablet,396
T00134,CUST0055,Social,C071,2024-10-05 00:00:00,False,0.0,Mobile,214
T00135,CUST0055,Paid_Ad,C058,2024-10-09 00:00:00,True,289.98,Tablet,375
T00136,CUST0056,Paid_Ad,C061,2024-01-20 00:00:00,False,0.0,Desktop,352
T00137,CUST0056,Social,C085,2024-01-26 00:00:00,False,0.0,Desktop,452
T00138,CUST0056,Email,C028,2024-02-01 00:00:00,True,238.82,Tablet,361
T00139,CUST0057,Paid_Ad,C046,2023-12-27 00:00:00,False,0.0,Desktop,593
T00140,CUST0057,Email,C017,2023-12-30 00:00:00,False,0.0,Desktop,493
T00141,CUST0057,Social,C093,2024-01-02 00:00:00,False,0.0,Desktop,30
T00142,CUST0057,Email,C003,2024-01-05 00:00:00,True,149.16,Desktop,46
T00143,CUST0058,Organic,C116,2024-02-20 00:00:00,False,0.0,Mobile,337
T00144,CUST0058,Email,C015,2024-02-22 00:00:00,True,157.19,Mobile,352
T00145,CUST0059,Social,C074,2024-04-11 00:00:00,False,0.0,Mobile,68
T00146,CUST0059,Email,C030,2024-04-15 00:00:00,False,0.0,Desktop,189
T00147,CUST0059,Paid_Ad,C041,2024-04-19 00:00:00,True,245.59,Desktop,405
T00148,CUST0060,Paid_Ad,C047,2024-06-12 00:00:00,False,0.0,Desktop,337
T00149,CUST0060,Email,C006,2024-06-15 00:00:00,False,0.0,Tablet,439
T00150,CUST0060,Social,C078,2024-06-18 00:00:00,False,0.0,Tablet,109
T00151,CUST0060,Email,C021,2024-06-21 00:00:00,True,272.48,Desktop,207
T00152,CUST0061,Social,C084,2024-04-08 00:00:00,False,0.0,Mobile,420
T00153,CUST0061,Paid_Ad,C038,2024-04-09 00:00:00,True,244.73,Mobile,372
T00154,CUST0062,Paid_Ad,C059,2024-10-07 00:00:00,False,0.0,Mobile,262
T00155,CUST0062,Organic,C097,2024-10-11 00:00:00,True,159.42,Tablet,421
T00156,CUST0063,Social,C067,2024-08-16 00:00:00,False,0.0,Desktop,582
T00157,CUST0063,Email,C010,2024-08-20 00:00:00,False,0.0,Desktop,544
T00158,CUST0063,Paid_Ad,C047,2024-08-24 00:00:00,True,190.07,Mobile,81
T00159,CUST0064,Email,C006,2024-08-15 00:00:00,False,0.0,Mobile,472
T00160,CUST0064,Email,C019,2024-08-19 00:00:00,True,119.35,Desktop,181
T00161,CUST0065,Paid_Ad,C038,2024-02-02 00:00:00,False,0.0,Desktop,80
T00162,CUST0065,Social,C090,2024-02-06 00:00:00,False,0.0,Desktop,117
T00163,CUST0065,Email,C026,2024-02-10 00:00:00,True,210.06,Tablet,474
T00164,CUST0066,Paid_Ad,C063,2024-01-14 00:00:00,False,0.0,Tablet,232
T00165,CUST0066,Social,C096,2024-01-16 00:00:00,False,0.0,Desktop,230
T00166,CUST0066,Email,C016,2024-01-18 00:00:00,True,371.99,Mobile,103
T00167,CUST0067,Social,C085,2024-02-23 00:00:00,False,0.0,Tablet,121
T00168,CUST0067,Social,C072,2024-02-29 00:00:00,False,0.0,Tablet,453
T00169,CUST0067,Paid_Ad,C060,2024-03-06 00:00:00,False,0.0,Desktop,386
T00170,CUST0067,Email,C013,2024-03-12 00:00:00,True,159.69,Desktop,382
T00171,CUST0068,Paid_Ad,C052,2024-04-30 00:00:00,False,0.0,Mobile,388
T00172,CUST0068,Email,C029,2024-05-01 00:00:00,False,0.0,Tablet,179
T00173,CUST0068,Social,C093,2024-05-02 00:00:00,False,0.0,Mobile,269
T00174,CUST0068,Email,C013,2024-05-03 00:00:00,True,208.18,Tablet,412
T00175,CUST0069,Paid_Ad,C040,2024-07-11 00:00:00,False,0.0,Tablet,85
T00176,CUST0069,Social,C080,2024-07-13 00:00:00,False,0.0,Tablet,181
T00177,CUST0069,Email,C019,2024-07-15 00:00:00,True,336.46,Mobile,381
T00178,CUST0070,Email,C029,2024-10-06 00:00:00,True,196.82,Desktop,53
T00179,CUST0071,Paid_Ad,C046,2024-03-08 00:00:00,False,0.0,Mobile,589
T00180,CUST0071,Organic,C113,2024-03-10 00:00:00,True,136.12,Tablet,524
T00181,CUST0072,Paid_Ad,C034,2024-02-01 00:00:00,False,0.0,Desktop,569
T00182,CUST0072,Email,C003,2024-02-04 00:00:00,False,0.0,Desktop,204
T00183,CUST0072,Social,C068,2024-02-07 00:00:00,False,0.0,Desktop,235
T00184,CUST0072,Email,C018,2024-02-10 00:00:00,True,203.31,Mobile,506
T00185,CUST0073,Social,C089,2024-12-10 00:00:00,False,0.0,Tablet,307
T00186,CUST0073,Email,C024,2024-12-12 00:00:00,False,0.0,Mobile,49
T00187,CUST0073,Paid_Ad,C051,2024-12-14 00:00:00,True,113.94,Tablet,425
T00188,CUST0074,Organic,C103,2024-05-30 00:00:00,False,0.0,Desktop,526
T00189,CUST0074,Paid_Ad,C038,2024-06-03 00:00:00,True,322.16,Mobile,233
T00190,CUST0075,Organic,C098,2024-03-11 00:00:00,False,0.0,Mobile,283
T00191,CUST0075,Email,C020,2024-03-15 00:00:00,True,210.09,Desktop,531
T00192,CUST0076,Email,C002,2024-07-07 00:00:00,False,0.0,Desktop,390
T00193,CUST0076,Email,C023,2024-07-09 00:00:00,True,147.02,Tablet,339
T00194,CUST0077,Organic,C114,2024-12-02 00:00:00,False,0.0,Mobile,293
T00195,CUST0077,Paid_Ad,C057,2024-12-07 00:00:00,True,123.91,Mobile,598
T00196,CUST0078,Social,C074,2024-05-23 00:00:00,False,0.0,Desktop,432
T00197,CUST0078,Social,C073,2024-05-26 00:00:00,False,0.0,Mobile,421
T00198,CUST0078,Paid_Ad,C047,2024-05-29 00:00:00,False,0.0,Desktop,276
T00199,CUST0078,Email,C010,2024-06-01 00:00:00,True,235.87,Desktop,349
T00200,CUST0079,Paid_Ad,C061,2024-05-03 00:00:00,False,0.0,Tablet,164
T00201,CUST0079,Email,C014,2024-05-08 00:00:00,False,0.0,Tablet,171
T00202,CUST0079,Social,C077,2024-05-13 00:00:00,False,0.0,Mobile,346
T00203,CUST0079,Email,C009,2024-05-18 00:00:00,True,168.49,Desktop,178
T00204,CUST0080,Paid_Ad,C053,2024-04-26 00:00:00,False,0.0,Mobile,600
T00205,CUST0080,Email,C008,2024-04-29 00:00:00,False,0.0,Mobile,355
T00206,CUST0080,Social,C074,2024-05-02 00:00:00,False,0.0,Tablet,60
T00207,CUST0080,Email,C021,2024-05-05 00:00:00,True,253.34,Desktop,451
T00208,CUST0081,Social,C082,2024-02-25 00:00:00,False,0.0,Mobile,222
T00209,CUST0081,Social,C071,2024-03-02 00:00:00,False,0.0,Mobile,219
T00210,CUST0081,Paid_Ad,C034,2024-03-08 00:00:00,False,0.0,Tablet,303
T00211,CUST0081,Email,C015,2024-03-14 00:00:00,True,210.75,Tablet,267
T00212,CUST0082,Organic,C119,2024-04-21 00:00:00,False,0.0,Mobile,518
T00213,CUST0082,Paid_Ad,C041,2024-04-22 00:00:00,True,365.54,Tablet,510
T00214,CUST0083,Paid_Ad,C057,2024-04-26 00:00:00,False,0.0,Desktop,515
T00215,CUST0083,Organic,C105,2024-04-28 00:00:00,True,251.08,Mobile,227
T00216,CUST0084,Organic,C123,2024-11-26 00:00:00,False,0.0,Mobile,306
T00217,CUST0084,Paid_Ad,C059,2024-11-27 00:00:00,True,340.92,Mobile,237
T00218,CUST0085,Organic,C108,2024-03-09 00:00:00,False,0.0,Desktop,531
T00219,CUST0085,Paid_Ad,C053,2024-03-10 00:00:00,True,186.07,Desktop,282
T00220,CUST0086,Email,C003,2024-03-09 00:00:00,False,0.0,Tablet,419
T00221,CUST0086,Email,C021,2024-03-13 00:00:00,True,319.73,Desktop,579
T00222,CUST0087,Organic,C103,2024-03-01 00:00:00,False,0.0,Desktop,497
T00223,CUST0087,Email,C003,2024-03-02 00:00:00,True,163.93,Mobile,561
T00224,CUST0088,Organic,C099,2024-09-04 00:00:00,False,0.0,Tablet,426
T00225,CUST0088,Email,C004,2024-09-08 00:00:00,True,198.92,Mobile,328
T00226,CUST0089,Social,C084,2024-11-02 00:00:00,False,0.0,Desktop,502
T00227,CUST0089,Paid_Ad,C043,2024-11-06 00:00:00,True,124.41,Desktop,331
T00228,CUST0090,Paid_Ad,C042,2024-01-29 00:00:00,False,0.0,Desktop,492
T00229,CUST0090,Email,C006,2024-01-30 00:00:00,False,0.0,Tablet,542
T00230,CUST0090,Social,C072,2024-01-31 00:00:00,False,0.0,Mobile,589
T00231,CUST0090,Email,C009,2024-02-01 00:00:00,True,275.64,Desktop,453
T00232,CUST0091,Paid_Ad,C034,2024-07-08 00:00:00,False,0.0,Mobile,494
T00233,CUST0091,Organic,C109,2024-07-12 00:00:00,True,167.31,Desktop,122
T00234,CUST0092,Social,C075,2024-11-11 00:00:00,False,0.0,Tablet,156
T00235,CUST0092,Social,C070,2024-11-16 00:00:00,False,0.0,Mobile,490
T00236,CUST0092,Paid_Ad,C056,2024-11-21 00:00:00,False,0.0,Mobile,566
T00237,CUST0092,Email,C025,2024-11-26 00:00:00,True,134.01,Tablet,553
T00238,CUST0093,Paid_Ad,C057,2024-06-10 00:00:00,False,0.0,Tablet,419
T00239,CUST0093,Email,C003,2024-06-13 00:00:00,False,0.0,Mobile,373
T00240,CUST0093,Social,C074,2024-06-16 00:00:00,False,0.0,Mobile,178
T00241,CUST0093,Email,C012,2024-06-19 00:00:00,True,113.41,Tablet,82
T00242,CUST0094,Email,C020,2024-03-04 00:00:00,False,0.0,Tablet,486
T00243,CUST0094,Email,C019,2024-03-07 00:00:00,True,269.96,Tablet,215
T00244,CUST0095,Email,C013,2024-04-08 00:00:00,True,181.06,Mobile,289
T00245,CUST0096,Social,C096,2024-11-09 00:00:00,False,0.0,Desktop,586
T00246,CUST0096,Email,C001,2024-11-15 00:00:00,False,0.0,Tablet,535
T00247,CUST0096,Paid_Ad,C048,2024-11-21 00:00:00,True,174.52,Mobile,517
T00248,CUST0097,Social,C093,2024-08-03 00:00:00,False,0.0,Mobile,36
T00249,CUST0097,Paid_Ad,C048,2024-08-07 00:00:00,True,238.72,Tablet,314
T00250,CUST0098,Paid_Ad,C046,2024-06-07 00:00:00,False,0.0,Mobile,219
T00251,CUST0098,Email,C010,2024-06-14 00:00:00,False,0.0,Mobile,387
T00252,CUST0098,Social,C067,2024-06-21 00:00:00,False,0.0,Mobile,63
T00253,CUST0098,Email,C020,2024-06-28 00:00:00,True,147.21,Desktop,119
T00254,CUST0099,Social,C091,2024-03-27 00:00:00,False,0.0,Mobile,195
T00255,CUST0099,Email,C019,2024-03-29 00:00:00,False,0.0,Tablet,211
T00256,CUST0099,Paid_Ad,C062,2024-03-31 00:00:00,True,152.4,Tablet,398
T00257,CUST0100,Social,C084,2024-08-10 00:00:00,False,0.0,Desktop,407
T00258,CUST0100,Email,C025,2024-08-12 00:00:00,False,0.0,Mobile,467
T00259,CUST0100,Paid_Ad,C037,2024-08-14 00:00:00,True,270.32,Desktop,512
T00260,CUST0101,Paid_Ad,C050,2024-06-23 00:00:00,False,0.0,Desktop,569
T00261,CUST0101,Social,C091,2024-06-25 00:00:00,False,0.0,Tablet,244
T00262,CUST0101,Email,C014,2024-06-27 00:00:00,True,332.59,Tablet,89
T00263,CUST0102,Email,C006,2024-06-25 00:00:00,True,249.81,Desktop,324
T00264,CUST0103,Email,C017,2024-12-06 00:00:00,False,0.0,Tablet,392
T00265,CUST0103,Email,C009,2024-12-09 00:00:00,True,102.68,Tablet,538
T00266,CUST0104,Organic,C128,2024-10-08 00:00:00,False,0.0,Mobile,268
T00267,CUST0104,Email,C019,2024-10-12 00:00:00,True,185.66,Mobile,31
T00268,CUST0105,Email,C030,2024-02-07 00:00:00,True,107.13,Tablet,150
T00269,CUST0106,Organic,C123,2024-02-20 00:00:00,False,0.0,Mobile,371
T00270,CUST0106,Paid_Ad,C055,2024-02-24 00:00:00,True,274.32,Tablet,247
T00271,CUST0107,Social,C083,2024-05-03 00:00:00,False,0.0,Desktop,99
T00272,CUST0107,Email,C020,2024-05-06 00:00:00,False,0.0,Desktop,548
T00273,CUST0107,Paid_Ad,C053,2024-05-09 00:00:00,True,210.07,Mobile,146
T00274,CUST0108,Paid_Ad,C058,2024-01-31 00:00:00,False,0.0,Tablet,59
T00275,CUST0108,Organic,C108,2024-02-03 00:00:00,True,149.33,Mobile,368
T00276,CUST0109,Paid_Ad,C063,2024-01-25 00:00:00,False,0.0,Mobile,169
T00277,CUST0109,Organic,C127,2024-01-29 00:00:00,True,231.36,Mobile,501
T00278,CUST0110,Organic,C126,2024-02-25 00:00:00,False,0.0,Desktop,87
T00279,CUST0110,Email,C020,2024-02-28 00:00:00,True,217.07,Tablet,353
T00280,CUST0111,Organic,C098,2024-06-27 00:00:00,False,0.0,Mobile,369
T00281,CUST0111,Email,C023,2024-07-02 00:00:00,True,219.02,Mobile,182
T00282,CUST0112,Social,C086,2024-07-16 00:00:00,False,0.0,Desktop,577
T00283,CUST0112,Social,C075,2024-07-17 00:00:00,False,0.0,Tablet,428
T00284,CUST0112,Paid_Ad,C044,2024-07-18 00:00:00,False,0.0,Tablet,149
T00285,CUST0112,Email,C020,2024-07-19 00:00:00,True,270.59,Tablet,352
T00286,CUST0113,Social,C091,2024-05-30 00:00:00,False,0.0,Mobile,538
T00287,CUST0113,Email,C016,2024-06-03 00:00:00,False,0.0,Desktop,492
T00288,CUST0113,Paid_Ad,C052,2024-06-07 00:00:00,True,127.46,Mobile,567
T00289,CUST0114,Social,C072,2024-03-22 00:00:00,False,0.0,Desktop,68
T00290,CUST0114,Social,C077,2024-03-25 00:00:00,False,0.0,Mobile,484
T00291,CUST0114,Paid_Ad,C034,2024-03-28 00:00:00,False,0.0,Desktop,542
T00292,CUST0114,Email,C010,2024-03-31 00:00:00,True,179.06,Mobile,378
T00293,CUST0115,Social,C084,2024-03-13 00:00:00,False,0.0,Desktop,176
T00294,CUST0115,Paid_Ad,C039,2024-03-18 00:00:00,True,318.51,Tablet,165
T00295,CUST0116,Organic,C126,2024-05-06 00:00:00,False,0.0,Desktop,564
T00296,CUST0116,Paid_Ad,C040,2024-05-07 00:00:00,True,217.93,Mobile,348
T00297,CUST0117,Social,C086,2024-09-24 00:00:00,False,0.0,Desktop,77
T00298,CUST0117,Email,C007,2024-09-26 00:00:00,False,0.0,Tablet,349
T00299,CUST0117,Paid_Ad,C034,2024-09-28 00:00:00,True,222.57,Tablet,349
T00300,CUST0118,Organic,C109,2024-10-29 00:00:00,False,0.0,Mobile,323
T00301,CUST0118,Paid_Ad,C050,2024-11-01 00:00:00,True,257.77,Tablet,356
T00302,CUST0119,Social,C082,2024-11-21 00:00:00,False,0.0,Mobile,191
T00303,CUST0119,Paid_Ad,C050,2024-11-22 00:00:00,True,169.75,Mobile,45
T00304,CUST0120,Paid_Ad,C039,2024-10-18 00:00:00,False,0.0,Mobile,585
T00305,CUST0120,Email,C023,2024-10-25 00:00:00,False,0.0,Tablet,356
T00306,CUST0120,Social,C082,2024-11-01 00:00:00,False,0.0,Mobile,320
T00307,CUST0120,Email,C016,2024-11-08 00:00:00,True,175.31,Mobile,102
T00308,CUST0121,Social,C093,2024-07-30 00:00:00,False,0.0,Mobile,163
T00309,CUST0121,Social,C066,2024-08-04 00:00:00,False,0.0,Desktop,81
T00310,CUST0121,Paid_Ad,C039,2024-08-09 00:00:00,False,0.0,Desktop,85
T00311,CUST0121,Email,C006,2024-08-14 00:00:00,True,199.69,Desktop,431
T00312,CUST0122,Paid_Ad,C055,2024-06-05 00:00:00,False,0.0,Desktop,370
T00313,CUST0122,Social,C077,2024-06-11 00:00:00,False,0.0,Tablet,576
T00314,CUST0122,Email,C006,2024-06-17 00:00:00,True,108.14,Desktop,164
T00315,CUST0123,Email,C007,2024-09-11 00:00:00,True,116.39,Desktop,347
T00316,CUST0124,Social,C079,2024-03-04 00:00:00,False,0.0,Mobile,177
T00317,CUST0124,Paid_Ad,C049,2024-03-08 00:00:00,True,92.5,Desktop,431
T00318,CUST0125,Paid_Ad,C053,2024-10-08 00:00:00,False,0.0,Desktop,529
T00319,CUST0125,Social,C066,2024-10-12 00:00:00,False,0.0,Mobile,516
T00320,CUST0125,Email,C008,2024-10-16 00:00:00,True,156.04,Desktop,520
T00321,CUST0126,Social,C083,2024-06-02 00:00:00,False,0.0,Desktop,160
T00322,CUST0126,Paid_Ad,C039,2024-06-04 00:00:00,True,87.89,Desktop,139
T00323,CUST0127,Paid_Ad,C037,2024-01-15 00:00:00,False,0.0,Desktop,575
T00324,CUST0127,Organic,C126,2024-01-20 00:00:00,True,131.27,Desktop,453
T00325,CUST0128,Organic,C107,2024-02-20 00:00:00,False,0.0,Desktop,423
T00326,CUST0128,Paid_Ad,C037,2024-02-22 00:00:00,True,140.73,Desktop,243
T00327,CUST0129,Paid_Ad,C060,2024-01-03 00:00:00,False,0.0,Tablet,380
T00328,CUST0129,Email,C016,2024-01-09 00:00:00,False,0.0,Mobile,109
T00329,CUST0129,Social,C096,2024-01-15 00:00:00,False,0.0,Mobile,504
T00330,CUST0129,Email,C021,2024-01-21 00:00:00,True,235.72,Tablet,129
T00331,CUST0130,Social,C084,2024-10-04 00:00:00,False,0.0,Desktop,101
T00332,CUST0130,Paid_Ad,C039,2024-10-06 00:00:00,True,222.65,Tablet,418
T00333,CUST0131,Paid_Ad,C036,2024-06-13 00:00:00,False,0.0,Mobile,252
T00334,CUST0131,Organic,C105,2024-06-17 00:00:00,True,241.74,Tablet,30
T00335,CUST0132,Paid_Ad,C061,2024-01-13 00:00:00,False,0.0,Tablet,328
T00336,CUST0132,Social,C089,2024-01-15 00:00:00,False,0.0,Tablet,487
T00337,CUST0132,Email,C013,2024-01-17 00:00:00,True,90.54,Mobile,354
T00338,CUST0133,Social,C092,2024-09-02 00:00:00,False,0.0,Tablet,382
T00339,CUST0133,Social,C070,2024-09-06 00:00:00,False,0.0,Tablet,38
T00340,CUST0133,Paid_Ad,C058,2024-09-10 00:00:00,False,0.0,Mobile,331
T00341,CUST0133,Email,C004,2024-09-14 00:00:00,True,183.81,Desktop,592
T00342,CUST0134,Social,C087,2024-05-29 00:00:00,False,0.0,Mobile,318
T00343,CUST0134,Email,C002,2024-05-30 00:00:00,False,0.0,Mobile,472
T00344,CUST0134,Paid_Ad,C058,2024-05-31 00:00:00,True,220.8,Tablet,355
T00345,CUST0135,Email,C025,2024-01-01 00:00:00,False,0.0,Desktop,588
T00346,CUST0135,Email,C014,2024-01-05 00:00:00,True,139.65,Tablet,207
T00347,CUST0136,Social,C077,2024-12-14 00:00:00,False,0.0,Tablet,423
T00348,CUST0136,Paid_Ad,C056,2024-12-16 00:00:00,True,101.12,Desktop,187
T00349,CUST0137,Social,C073,2024-01-15 00:00:00,False,0.0,Mobile,103
T00350,CUST0137,Social,C066,2024-01-18 00:00:00,False,0.0,Mobile,528
T00351,CUST0137,Paid_Ad,C060,2024-01-21 00:00:00,False,0.0,Mobile,116
T00352,CUST0137,Email,C009,2024-01-24 00:00:00,True,217.66,Tablet,455
T00353,CUST0138,Social,C076,2024-10-12 00:00:00,False,0.0,Desktop,551
T00354,CUST0138,Paid_Ad,C060,2024-10-16 00:00:00,True,135.4,Tablet,490
T00355,CUST0139,Email,C015,2024-12-12 00:00:00,False,0.0,Mobile,464
T00356,CUST0139,Email,C001,2024-12-15 00:00:00,True,202.1,Tablet,540
T00357,CUST0140,Organic,C114,2024-04-06 00:00:00,False,0.0,Desktop,589
T00358,CUST0140,Paid_Ad,C056,2024-04-11 00:00:00,True,183.16,Mobile,68
T00359,CUST0141,Paid_Ad,C056,2024-03-02 00:00:00,False,0.0,Mobile,523
T00360,CUST0141,Email,C006,2024-03-08 00:00:00,False,0.0,Mobile,569
T00361,CUST0141,Social,C082,2024-03-14 00:00:00,False,0.0,Desktop,559
T00362,CUST0141,Email,C006,2024-03-20 00:00:00,True,313.49,Tablet,120
T00363,CUST0142,Organic,C101,2024-04-27 00:00:00,False,0.0,Tablet,582
T00364,CUST0142,Paid_Ad,C052,2024-05-01 00:00:00,True,177.76,Tablet,84
T00365,CUST0143,Paid_Ad,C033,2024-12-16 00:00:00,False,0.0,Desktop,494
T00366,CUST0143,Organic,C127,2024-12-21 00:00:00,True,181.38,Tablet,369
T00367,CUST0144,Email,C019,2024-09-28 00:00:00,False,0.0,Desktop,201
T00368,CUST0144,Email,C003,2024-10-01 00:00:00,True,234.49,Tablet,341
T00369,CUST0145,Paid_Ad,C036,2024-01-23 00:00:00,False,0.0,Tablet,514
T00370,CUST0145,Email,C011,2024-01-27 00:00:00,False,0.0,Tablet,82
T00371,CUST0145,Social,C083,2024-01-31 00:00:00,False,0.0,Tablet,57
T00372,CUST0145,Email,C019,2024-02-04 00:00:00,True,316.13,Desktop,114
T00373,CUST0146,Paid_Ad,C037,2024-09-12 00:00:00,False,0.0,Desktop,288
T00374,CUST0146,Social,C073,2024-09-18 00:00:00,False,0.0,Tablet,317
T00375,CUST0146,Email,C018,2024-09-24 00:00:00,True,318.13,Desktop,44
T00376,CUST0147,Email,C010,2024-04-28 00:00:00,True,105.75,Tablet,487
T00377,CUST0148,Paid_Ad,C049,2024-06-14 00:00:00,False,0.0,Tablet,271
T00378,CUST0148,Organic,C128,2024-06-16 00:00:00,True,215.87,Mobile,570
T00379,CUST0149,Social,C070,2024-03-07 00:00:00,False,0.0,Mobile,187
T00380,CUST0149,Email,C032,2024-03-11 00:00:00,False,0.0,Desktop,422
T00381,CUST0149,Paid_Ad,C048,2024-03-15 00:00:00,True,304.36,Tablet,480
T00382,CUST0150,Paid_Ad,C055,2024-11-16 00:00:00,False,0.0,Mobile,300
T00383,CUST0150,Social,C072,2024-11-19 00:00:00,False,0.0,Mobile,201
T00384,CUST0150,Email,C030,2024-11-22 00:00:00,True,312.56,Desktop,517
T00385,CUST0151,Social,C079,2023-12-24 00:00:00,False,0.0,Desktop,429
T00386,CUST0151,Social,C095,2023-12-30 00:00:00,False,0.0,Desktop,178
T00387,CUST0151,Paid_Ad,C060,2024-01-05 00:00:00,False,0.0,Mobile,325
T00388,CUST0151,Email,C029,2024-01-11 00:00:00,True,176.23,Desktop,353
T00389,CUST0152,Organic,C103,2024-05-26 00:00:00,False,0.0,Tablet,392
T00390,CUST0152,Email,C028,2024-05-27 00:00:00,True,113.06,Tablet,309
T00391,CUST0153,Paid_Ad,C050,2024-11-18 00:00:00,False,0.0,Mobile,291
T00392,CUST0153,Organic,C122,2024-11-21 00:00:00,True,172.09,Desktop,277
T00393,CUST0154,Paid_Ad,C054,2024-06-03 00:00:00,False,0.0,Tablet,214
T00394,CUST0154,Email,C021,2024-06-06 00:00:00,False,0.0,Tablet,40
T00395,CUST0154,Social,C065,2024-06-09 00:00:00,False,0.0,Mobile,42
T00396,CUST0154,Email,C027,2024-06-12 00:00:00,True,236.37,Mobile,567
T00397,CUST0155,Email,C023,2024-05-22 00:00:00,True,225.49,Mobile,320
T00398,CUST0156,Social,C067,2024-07-22 00:00:00,False,0.0,Mobile,124
T00399,CUST0156,Social,C068,2024-07-25 00:00:00,False,0.0,Tablet,252
T00400,CUST0156,Paid_Ad,C040,2024-07-28 00:00:00,False,0.0,Tablet,152
T00401,CUST0156,Email,C006,2024-07-31 00:00:00,True,158.96,Tablet,163
T00402,CUST0157,Email,C008,2024-05-03 00:00:00,False,0.0,Tablet,218
T00403,CUST0157,Email,C017,2024-05-05 00:00:00,True,127.81,Desktop,508
T00404,CUST0158,Email,C018,2024-10-11 00:00:00,True,169.06,Desktop,361
T00405,CUST0159,Social,C069,2024-05-25 00:00:00,False,0.0,Desktop,93
T00406,CUST0159,Social,C089,2024-05-28 00:00:00,False,0.0,Desktop,370
T00407,CUST0159,Paid_Ad,C036,2024-05-31 00:00:00,False,0.0,Desktop,301
T00408,CUST0159,Email,C012,2024-06-03 00:00:00,True,201.0,Desktop,101
T00409,CUST0160,Social,C090,2024-05-26 00:00:00,False,0.0,Mobile,533
T00410,CUST0160,Paid_Ad,C039,2024-05-28 00:00:00,True,294.26,Mobile,583
T00411,CUST0161,Email,C007,2024-11-01 00:00:00,False,0.0,Desktop,295
T00412,CUST0161,Email,C007,2024-11-03 00:00:00,True,153.86,Mobile,104
T00413,CUST0162,Email,C029,2024-04-30 00:00:00,True,240.91,Mobile,539
T00414,CUST0163,Paid_Ad,C035,2024-10-11 00:00:00,False,0.0,Tablet,429
T00415,CUST0163,Social,C082,2024-10-12 00:00:00,False,0.0,Mobile,367
T00416,CUST0163,Email,C026,2024-10-13 00:00:00,True,94.38,Tablet,33
T00417,CUST0164,Organic,C127,2024-06-07 00:00:00,False,0.0,Desktop,443
T00418,CUST0164,Email,C005,2024-06-11 00:00:00,True,209.09,Tablet,261
T00419,CUST0165,Social,C095,2024-09-02 00:00:00,False,0.0,Mobile,578
T00420,CUST0165,Email,C023,2024-09-07 00:00:00,False,0.0,Desktop,340
T00421,CUST0165,Paid_Ad,C058,2024-09-12 00:00:00,True,290.53,Mobile,122
T00422,CUST0166,Paid_Ad,C054,2024-01-20 00:00:00,False,0.0,Mobile,500
T00423,CUST0166,Organic,C115,2024-01-25 00:00:00,True,161.68,Tablet,237
T00424,CUST0167,Paid_Ad,C035,2024-04-01 00:00:00,False,0.0,Desktop,225
T00425,CUST0167,Social,C084,2024-04-07 00:00:00,False,0.0,Tablet,429
T00426,CUST0167,Email,C007,2024-04-13 00:00:00,True,110.02,Tablet,397
T00427,CUST0168,Social,C093,2024-02-02 00:00:00,False,0.0,Tablet,224
T00428,CUST0168,Paid_Ad,C041,2024-02-03 00:00:00,True,140.38,Mobile,227
T00429,CUST0169,Social,C096,2024-11-16 00:00:00,False,0.0,Desktop,94
T00430,CUST0169,Email,C020,2024-11-19 00:00:00,False,0.0,Desktop,576
T00431,CUST0169,Paid_Ad,C061,2024-11-22 00:00:00,True,230.86,Mobile,67
T00432,CUST0170,Paid_Ad,C054,2024-12-02 00:00:00,False,0.0,Tablet,73
T00433,CUST0170,Organic,C122,2024-12-03 00:00:00,True,140.52,Mobile,246
T00434,CUST0171,Organic,C106,2024-02-26 00:00:00,False,0.0,Tablet,268
T00435,CUST0171,Email,C005,2024-03-01 00:00:00,True,248.43,Mobile,174
T00436,CUST0172,Social,C095,2024-10-03 00:00:00,False,0.0,Tablet,76
T00437,CUST0172,Paid_Ad,C048,2024-10-04 00:00:00,True,198.13,Tablet,163
T00438,CUST0173,Social,C068,2024-03-29 00:00:00,False,0.0,Desktop,129
T00439,CUST0173,Email,C030,2024-03-31 00:00:00,False,0.0,Tablet,204
T00440,CUST0173,Paid_Ad,C037,2024-04-02 00:00:00,True,280.94,Mobile,146
T00441,CUST0174,Social,C069,2024-01-30 00:00:00,False,0.0,Mobile,466
T00442,CUST0174,Paid_Ad,C054,2024-02-01 00:00:00,True,242.86,Tablet,441
T00443,CUST0175,Paid_Ad,C041,2024-08-09 00:00:00,False,0.0,Desktop,248
T00444,CUST0175,Organic,C099,2024-08-10 00:00:00,True,230.83,Tablet,207
T00445,CUST0176,Paid_Ad,C040,2024-10-18 00:00:00,False,0.0,Desktop,174
T00446,CUST0176,Organic,C123,2024-10-19 00:00:00,True,239.2,Mobile,408
T00447,CUST0177,Organic,C125,2024-11-30 00:00:00,False,0.0,Mobile,71
T00448,CUST0177,Email,C009,2024-12-02 00:00:00,True,138.44,Mobile,415
T00449,CUST0178,Paid_Ad,C064,2024-03-26 00:00:00,False,0.0,Mobile,36
T00450,CUST0178,Social,C065,2024-03-27 00:00:00,False,0.0,Mobile,121
T00451,CUST0178,Email,C019,2024-03-28 00:00:00,True,311.19,Desktop,517
T00452,CUST0179,Paid_Ad,C042,2024-11-29 00:00:00,False,0.0,Tablet,307
T00453,CUST0179,Social,C093,2024-12-02 00:00:00,False,0.0,Desktop,274
T00454,CUST0179,Email,C012,2024-12-05 00:00:00,True,339.45,Tablet,68
T00455,CUST0180,Paid_Ad,C064,2024-03-23 00:00:00,False,0.0,Tablet,120
T00456,CUST0180,Email,C020,2024-03-26 00:00:00,False,0.0,Desktop,458
T00457,CUST0180,Social,C065,2024-03-29 00:00:00,False,0.0,Tablet,271
T00458,CUST0180,Email,C013,2024-04-01 00:00:00,True,216.12,Mobile,572
T00459,CUST0181,Email,C015,2024-10-07 00:00:00,True,387.5,Desktop,243
T00460,CUST0182,Social,C077,2024-06-12 00:00:00,False,0.0,Mobile,182
T00461,CUST0182,Social,C095,2024-06-13 00:00:00,False,0.0,Desktop,210
T00462,CUST0182,Paid_Ad,C043,2024-06-14 00:00:00,False,0.0,Tablet,74
T00463,CUST0182,Email,C004,2024-06-15 00:00:00,True,128.55,Tablet,402
T00464,CUST0183,Social,C092,2024-03-23 00:00:00,False,0.0,Desktop,372
T00465,CUST0183,Social,C094,2024-03-26 00:00:00,False,0.0,Mobile,136
T00466,CUST0183,Paid_Ad,C036,2024-03-29 00:00:00,False,0.0,Tablet,210
T00467,CUST0183,Email,C011,2024-04-01 00:00:00,True,147.54,Mobile,526
T00468,CUST0184,Organic,C101,2024-10-24 00:00:00,False,0.0,Mobile,485
T00469,CUST0184,Email,C021,2024-10-25 00:00:00,True,224.92,Desktop,233
T00470,CUST0185,Paid_Ad,C040,2024-01-03 00:00:00,False,0.0,Desktop,263
T00471,CUST0185,Organic,C103,2024-01-05 00:00:00,True,319.05,Mobile,452
T00472,CUST0186,Organic,C111,2024-04-06 00:00:00,False,0.0,Mobile,512
T00473,CUST0186,Paid_Ad,C064,2024-04-10 00:00:00,True,271.7,Mobile,476
T00474,CUST0187,Paid_Ad,C062,2024-11-18 00:00:00,False,0.0,Mobile,426
T00475,CUST0187,Social,C088,2024-11-21 00:00:00,False,0.0,Mobile,498
T00476,CUST0187,Email,C013,2024-11-24 00:00:00,True,135.81,Tablet,397
T00477,CUST0188,Social,C086,2024-08-13 00:00:00,False,0.0,Mobile,62
T00478,CUST0188,Social,C068,2024-08-16 00:00:00,False,0.0,Desktop,169
T00479,CUST0188,Paid_Ad,C040,2024-08-19 00:00:00,False,0.0,Desktop,499
T00480,CUST0188,Email,C027,2024-08-22 00:00:00,True,271.55,Mobile,381
T00481,CUST0189,Organic,C107,2024-04-17 00:00:00,False,0.0,Tablet,204
T00482,CUST0189,Paid_Ad,C047,2024-04-20 00:00:00,True,108.52,Mobile,451
T00483,CUST0190,Organic,C110,2024-04-18 00:00:00,False,0.0,Tablet,514
T00484,CUST0190,Email,C030,2024-04-22 00:00:00,True,237.49,Desktop,44
T00485,CUST0191,Email,C016,2024-06-16 00:00:00,False,0.0,Desktop,474
T00486,CUST0191,Email,C015,2024-06-18 00:00:00,True,333.53,Tablet,182
T00487,CUST0192,Paid_Ad,C059,2024-06-23 00:00:00,False,0.0,Mobile,71
T00488,CUST0192,Email,C031,2024-06-24 00:00:00,False,0.0,Tablet,546
T00489,CUST0192,Social,C067,2024-06-25 00:00:00,False,0.0,Desktop,573
T00490,CUST0192,Email,C026,2024-06-26 00:00:00,True,122.87,Desktop,130
T00491,CUST0193,Social,C080,2024-01-22 00:00:00,False,0.0,Mobile,42
T00492,CUST0193,Paid_Ad,C059,2024-01-26 00:00:00,True,140.93,Mobile,165
T00493,CUST0194,Paid_Ad,C048,2024-11-12 00:00:00,False,0.0,Tablet,122
T00494,CUST0194,Organic,C098,2024-11-15 00:00:00,True,126.09,Desktop,342
T00495,CUST0195,Paid_Ad,C034,2024-01-13 00:00:00,False,0.0,Desktop,504
T00496,CUST0195,Social,C073,2024-01-19 00:00:00,False,0.0,Tablet,445
T00497,CUST0195,Email,C012,2024-01-25 00:00:00,True,191.14,Desktop,505
T00498,CUST0196,Social,C089,2024-10-03 00:00:00,False,0.0,Tablet,370
T00499,CUST0196,Email,C003,2024-10-05 00:00:00,False,0.0,Desktop,466
T00500,CUST0196,Paid_Ad,C050,2024-10-07 00:00:00,True,113.63,Tablet,585
T00501,CUST0197,Paid_Ad,C038,2024-12-08 00:00:00,False,0.0,Tablet,373
T00502,CUST0197,Email,C004,2024-12-11 00:00:00,False,0.0,Tablet,402
T00503,CUST0197,Social,C068,2024-12-14 00:00:00,False,0.0,Mobile,422
T00504,CUST0197,Email,C024,2024-12-17 00:00:00,True,206.59,Desktop,71
T00505,CUST0198,Paid_Ad,C044,2024-04-01 00:00:00,False,0.0,Tablet,98
T00506,CUST0198,Organic,C110,2024-04-04 00:00:00,True,227.87,Mobile,372
T00507,CUST0199,Organic,C104,2024-07-16 00:00:00,False,0.0,Tablet,519
T00508,CUST0199,Paid_Ad,C046,2024-07-21 00:00:00,True,178.92,Tablet,260
T00509,CUST0200,Paid_Ad,C050,2024-11-21 00:00:00,False,0.0,Tablet,463
T00510,CUST0200,Organic,C114,2024-11-24 00:00:00,True,156.68,Mobile,94
T00511,CUST0201,Paid_Ad,C061,2023-12-29 00:00:00,False,0.0,Desktop,543
T00512,CUST0201,Organic,C104,2024-01-01 00:00:00,True,149.05,Desktop,574
T00513,CUST0202,Organic,C125,2024-02-12 00:00:00,False,0.0,Tablet,406
T00514,CUST0202,Email,C005,2024-02-15 00:00:00,True,374.66,Mobile,498
T00515,CUST0203,Email,C026,2024-02-05 00:00:00,True,316.48,Mobile,325
T00516,CUST0204,Email,C011,2024-04-13 00:00:00,True,143.01,Desktop,144
T00517,CUST0205,Paid_Ad,C042,2024-09-29 00:00:00,False,0.0,Mobile,563
T00518,CUST0205,Social,C066,2024-10-05 00:00:00,False,0.0,Desktop,456
T00519,CUST0205,Email,C009,2024-10-11 00:00:00,True,197.74,Desktop,385
T00520,CUST0206,Email,C002,2024-12-09 00:00:00,False,0.0,Desktop,223
T00521,CUST0206,Email,C005,2024-12-13 00:00:00,True,128.41,Mobile,267
T00522,CUST0207,Organic,C123,2024-02-01 00:00:00,False,0.0,Tablet,381
T00523,CUST0207,Email,C021,2024-02-04 00:00:00,True,245.35,Desktop,572
T00524,CUST0208,Organic,C126,2024-08-09 00:00:00,False,0.0,Desktop,165
T00525,CUST0208,Email,C020,2024-08-13 00:00:00,True,139.8,Mobile,296
T00526,CUST0209,Organic,C120,2024-11-25 00:00:00,False,0.0,Desktop,78
T00527,CUST0209,Paid_Ad,C042,2024-11-29 00:00:00,True,112.45,Desktop,321
T00528,CUST0210,Social,C075,2024-05-13 00:00:00,False,0.0,Tablet,578
T00529,CUST0210,Paid_Ad,C051,2024-05-15 00:00:00,True,195.36,Mobile,209
T00530,CUST0211,Paid_Ad,C048,2024-02-08 00:00:00,False,0.0,Mobile,72
T00531,CUST0211,Social,C085,2024-02-10 00:00:00,False,0.0,Tablet,159
T00532,CUST0211,Email,C029,2024-02-12 00:00:00,True,242.42,Desktop,408
T00533,CUST0212,Paid_Ad,C035,2024-03-26 00:00:00,False,0.0,Tablet,354
T00534,CUST0212,Social,C087,2024-03-29 00:00:00,False,0.0,Mobile,411
T00535,CUST0212,Email,C029,2024-04-01 00:00:00,True,210.64,Tablet,196
T00536,CUST0213,Organic,C104,2024-10-04 00:00:00,False,0.0,Mobile,444
T00537,CUST0213,Email,C032,2024-10-07 00:00:00,True,243.52,Mobile,499
T00538,CUST0214,Paid_Ad,C033,2024-02-09 00:00:00,False,0.0,Tablet,589
T00539,CUST0214,Organic,C118,2024-02-11 00:00:00,True,235.39,Tablet,332
T00540,CUST0215,Social,C074,2024-05-28 00:00:00,False,0.0,Tablet,482
T00541,CUST0215,Paid_Ad,C054,2024-05-31 00:00:00,True,220.47,Tablet,145
T00542,CUST0216,Social,C073,2024-09-02 00:00:00,False,0.0,Tablet,594
T00543,CUST0216,Paid_Ad,C040,2024-09-03 00:00:00,True,144.67,Desktop,55
T00544,CUST0217,Email,C029,2024-02-19 00:00:00,False,0.0,Desktop,124
T00545,CUST0217,Email,C021,2024-02-21 00:00:00,True,178.63,Mobile,229
T00546,CUST0218,Paid_Ad,C047,2024-05-18 00:00:00,False,0.0,Desktop,230
T00547,CUST0218,Email,C002,2024-05-25 00:00:00,False,0.0,Mobile,581
T00548,CUST0218,Social,C093,2024-06-01 00:00:00,False,0.0,Tablet,119
T00549,CUST0218,Email,C026,2024-06-08 00:00:00,True,160.27,Mobile,532
T00550,CUST0219,Paid_Ad,C036,2024-12-11 00:00:00,False,0.0,Tablet,399
T00551,CUST0219,Organic,C122,2024-12-16 00:00:00,True,187.97,Mobile,467
T00552,CUST0220,Paid_Ad,C056,2024-11-12 00:00:00,False,0.0,Mobile,321
T00553,CUST0220,Organic,C119,2024-11-16 00:00:00,True,281.81,Desktop,345
T00554,CUST0221,Social,C070,2024-07-10 00:00:00,False,0.0,Mobile,484
T00555,CUST0221,Paid_Ad,C059,2024-07-15 00:00:00,True,117.87,Desktop,325
T00556,CUST0222,Paid_Ad,C059,2024-09-22 00:00:00,False,0.0,Mobile,118
T00557,CUST0222,Social,C074,2024-09-27 00:00:00,False,0.0,Mobile,340
T00558,CUST0222,Email,C031,2024-10-02 00:00:00,True,322.57,Tablet,373
T00559,CUST0223,Email,C006,2024-01-28 00:00:00,True,225.21,Mobile,449
T00560,CUST0224,Social,C076,2024-07-11 00:00:00,False,0.0,Tablet,503
T00561,CUST0224,Social,C073,2024-07-17 00:00:00,False,0.0,Mobile,220
T00562,CUST0224,Paid_Ad,C057,2024-07-23 00:00:00,False,0.0,Desktop,597
T00563,CUST0224,Email,C032,2024-07-29 00:00:00,True,110.2,Mobile,339
T00564,CUST0225,Paid_Ad,C064,2024-12-02 00:00:00,False,0.0,Tablet,504
T00565,CUST0225,Email,C015,2024-12-06 00:00:00,False,0.0,Mobile,32
T00566,CUST0225,Social,C074,2024-12-10 00:00:00,False,0.0,Desktop,337
T00567,CUST0225,Email,C031,2024-12-14 00:00:00,True,175.33,Mobile,324
T00568,CUST0226,Email,C032,2024-06-26 00:00:00,False,0.0,Tablet,280
T00569,CUST0226,Email,C002,2024-06-28 00:00:00,True,220.22,Mobile,313
T00570,CUST0227,Social,C088,2024-02-17 00:00:00,False,0.0,Tablet,522
T00571,CUST0227,Paid_Ad,C060,2024-02-18 00:00:00,True,160.28,Desktop,517
T00572,CUST0228,Email,C002,2024-12-06 00:00:00,True,199.99,Desktop,196
T00573,CUST0229,Paid_Ad,C042,2024-07-25 00:00:00,False,0.0,Desktop,502
T00574,CUST0229,Email,C009,2024-07-26 00:00:00,False,0.0,Desktop,197
T00575,CUST0229,Social,C068,2024-07-27 00:00:00,False,0.0,Desktop,399
T00576,CUST0229,Email,C027,2024-07-28 00:00:00,True,136.77,Tablet,394
T00577,CUST0230,Social,C083,2024-04-03 00:00:00,False,0.0,Tablet,108
T00578,CUST0230,Email,C013,2024-04-07 00:00:00,False,0.0,Tablet,217
T00579,CUST0230,Paid_Ad,C039,2024-04-11 00:00:00,True,165.13,Tablet,201
T00580,CUST0231,Organic,C117,2024-06-05 00:00:00,False,0.0,Tablet,338
T00581,CUST0231,Email,C018,2024-06-08 00:00:00,True,153.65,Tablet,401
T00582,CUST0232,Email,C023,2024-03-15 00:00:00,True,165.15,Mobile,43
T00583,CUST0233,Paid_Ad,C051,2024-08-04 00:00:00,False,0.0,Desktop,526
T00584,CUST0233,Social,C091,2024-08-10 00:00:00,False,0.0,Desktop,196
T00585,CUST0233,Email,C007,2024-08-16 00:00:00,True,218.02,Mobile,188
T00586,CUST0234,Organic,C109,2024-07-16 00:00:00,False,0.0,Tablet,568
T00587,CUST0234,Email,C008,2024-07-18 00:00:00,True,237.58,Desktop,501
T00588,CUST0235,Email,C009,2024-12-23 00:00:00,True,118.57,Mobile,521
T00589,CUST0236,Paid_Ad,C056,2024-04-04 00:00:00,False,0.0,Mobile,482
T00590,CUST0236,Organic,C118,2024-04-07 00:00:00,True,103.14,Mobile,341
T00591,CUST0237,Social,C079,2024-07-11 00:00:00,False,0.0,Mobile,175
T00592,CUST0237,Email,C015,2024-07-13 00:00:00,False,0.0,Desktop,158
T00593,CUST0237,Paid_Ad,C046,2024-07-15 00:00:00,True,198.14,Mobile,110
T00594,CUST0238,Email,C005,2024-12-07 00:00:00,False,0.0,Mobile,525
T00595,CUST0238,Email,C028,2024-12-08 00:00:00,True,249.72,Mobile,231
T00596,CUST0239,Email,C004,2024-06-03 00:00:00,True,151.64,Desktop,151
T00597,CUST0240,Social,C069,2024-07-09 00:00:00,False,0.0,Desktop,40
T00598,CUST0240,Social,C071,2024-07-10 00:00:00,False,0.0,Mobile,240
T00599,CUST0240,Paid_Ad,C045,2024-07-11 00:00:00,False,0.0,Mobile,389
T00600,CUST0240,Email,C002,2024-07-12 00:00:00,True,152.24,Mobile,179
T00601,CUST0241,Social,C087,2024-02-20 00:00:00,False,0.0,Mobile,542
T00602,CUST0241,Social,C080,2024-02-25 00:00:00,False,0.0,Tablet,99
T00603,CUST0241,Paid_Ad,C039,2024-03-01 00:00:00,False,0.0,Tablet,44
T00604,CUST0241,Email,C014,2024-03-06 00:00:00,True,136.85,Tablet,226
T00605,CUST0242,Social,C065,2024-03-28 00:00:00,False,0.0,Tablet,131
T00606,CUST0242,Social,C078,2024-03-31 00:00:00,False,0.0,Tablet,516
T00607,CUST0242,Paid_Ad,C056,2024-04-03 00:00:00,False,0.0,Tablet,219
T00608,CUST0242,Email,C029,2024-04-06 00:00:00,True,245.92,Tablet,139
T00609,CUST0243,Paid_Ad,C057,2024-12-15 00:00:00,False,0.0,Desktop,249
T00610,CUST0243,Social,C079,2024-12-19 00:00:00,False,0.0,Desktop,145
T00611,CUST0243,Email,C021,2024-12-23 00:00:00,True,166.1,Mobile,507
T00612,CUST0244,Email,C009,2024-04-15 00:00:00,True,175.08,Desktop,399
T00613,CUST0245,Social,C067,2024-01-29 00:00:00,False,0.0,Mobile,365
T00614,CUST0245,Social,C096,2024-02-05 00:00:00,False,0.0,Mobile,424
T00615,CUST0245,Paid_Ad,C051,2024-02-12 00:00:00,False,0.0,Desktop,349
T00616,CUST0245,Email,C029,2024-02-19 00:00:00,True,283.08,Mobile,597
T00617,CUST0246,Email,C028,2024-07-30 00:00:00,False,0.0,Mobile,101
T00618,CUST0246,Email,C031,2024-08-02 00:00:00,True,274.39,Tablet,406
T00619,CUST0247,Paid_Ad,C064,2024-06-23 00:00:00,False,0.0,Tablet,137
T00620,CUST0247,Social,C090,2024-06-24 00:00:00,False,0.0,Desktop,565
T00621,CUST0247,Email,C006,2024-06-25 00:00:00,True,157.76,Mobile,176
T00622,CUST0248,Email,C007,2024-06-20 00:00:00,False,0.0,Tablet,202
T00623,CUST0248,Email,C005,2024-06-24 00:00:00,True,186.52,Desktop,233
T00624,CUST0249,Paid_Ad,C058,2024-04-10 00:00:00,False,0.0,Mobile,268
T00625,CUST0249,Organic,C124,2024-04-12 00:00:00,True,205.45,Tablet,541
T00626,CUST0250,Social,C090,2024-12-08 00:00:00,False,0.0,Desktop,517
T00627,CUST0250,Social,C090,2024-12-12 00:00:00,False,0.0,Desktop,553
T00628,CUST0250,Paid_Ad,C050,2024-12-16 00:00:00,False,0.0,Mobile,495
T00629,CUST0250,Email,C007,2024-12-20 00:00:00,True,175.23,Mobile,286
T00630,CUST0251,Social,C079,2024-05-12 00:00:00,False,0.0,Tablet,167
T00631,CUST0251,Paid_Ad,C034,2024-05-16 00:00:00,True,165.5,Mobile,84
T00632,CUST0252,Email,C002,2024-04-27 00:00:00,True,198.18,Mobile,421
T00633,CUST0253,Paid_Ad,C042,2024-10-30 00:00:00,False,0.0,Desktop,128
T00634,CUST0253,Email,C005,2024-11-04 00:00:00,False,0.0,Tablet,562
T00635,CUST0253,Social,C096,2024-11-09 00:00:00,False,0.0,Desktop,236
T00636,CUST0253,Email,C019,2024-11-14 00:00:00,True,151.68,Tablet,539
T00637,CUST0254,Social,C081,2023-12-23 00:00:00,False,0.0,Tablet,381
T00638,CUST0254,Paid_Ad,C034,2023-12-28 00:00:00,True,131.68,Mobile,470
T00639,CUST0255,Email,C029,2024-07-30 00:00:00,True,167.11,Desktop,415
T00640,CUST0256,Social,C067,2024-10-07 00:00:00,False,0.0,Mobile,211
T00641,CUST0256,Paid_Ad,C052,2024-10-11 00:00:00,True,216.44,Tablet,198
T00642,CUST0257,Social,C073,2024-08-15 00:00:00,False,0.0,Desktop,428
T00643,CUST0257,Paid_Ad,C064,2024-08-19 00:00:00,True,119.85,Mobile,532
T00644,CUST0258,Organic,C127,2024-07-28 00:00:00,False,0.0,Desktop,190
T00645,CUST0258,Email,C004,2024-08-02 00:00:00,True,394.86,Desktop,299
T00646,CUST0259,Social,C087,2024-06-25 00:00:00,False,0.0,Desktop,358
T00647,CUST0259,Paid_Ad,C036,2024-06-29 00:00:00,True,129.3,Mobile,76
T00648,CUST0260,Paid_Ad,C055,2024-12-10 00:00:00,False,0.0,Tablet,57
T00649,CUST0260,Social,C086,2024-12-14 00:00:00,False,0.0,Desktop,129
T00650,CUST0260,Email,C028,2024-12-18 00:00:00,True,178.41,Desktop,395
T00651,CUST0261,Email,C004,2024-03-01 00:00:00,False,0.0,Tablet,280
T00652,CUST0261,Email,C016,2024-03-04 00:00:00,True,122.0,Mobile,349
T00653,CUST0262,Paid_Ad,C037,2024-02-22 00:00:00,False,0.0,Desktop,147
T00654,CUST0262,Email,C022,2024-02-24 00:00:00,False,0.0,Mobile,50
T00655,CUST0262,Social,C085,2024-02-26 00:00:00,False,0.0,Mobile,501
T00656,CUST0262,Email,C028,2024-02-28 00:00:00,True,229.25,Tablet,557
T00657,CUST0263,Email,C002,2024-02-16 00:00:00,False,0.0,Tablet,510
T00658,CUST0263,Email,C002,2024-02-19 00:00:00,True,180.56,Desktop,416
T00659,CUST0264,Paid_Ad,C053,2024-11-18 00:00:00,False,0.0,Tablet,130
T00660,CUST0264,Email,C032,2024-11-24 00:00:00,False,0.0,Mobile,240
T00661,CUST0264,Social,C086,2024-11-30 00:00:00,False,0.0,Desktop,544
T00662,CUST0264,Email,C022,2024-12-06 00:00:00,True,109.14,Mobile,336
T00663,CUST0265,Paid_Ad,C045,2024-06-20 00:00:00,False,0.0,Desktop,107
T00664,CUST0265,Organic,C110,2024-06-24 00:00:00,True,158.3,Desktop,301
T00665,CUST0266,Social,C090,2024-04-09 00:00:00,False,0.0,Mobile,124
T00666,CUST0266,Email,C007,2024-04-13 00:00:00,False,0.0,Tablet,374
T00667,CUST0266,Paid_Ad,C050,2024-04-17 00:00:00,True,234.63,Mobile,573
T00668,CUST0267,Social,C078,2024-07-30 00:00:00,False,0.0,Desktop,108
T00669,CUST0267,Paid_Ad,C052,2024-08-03 00:00:00,True,216.9,Tablet,337
T00670,CUST0268,Email,C021,2024-10-24 00:00:00,False,0.0,Mobile,454
T00671,CUST0268,Email,C026,2024-10-29 00:00:00,True,186.08,Desktop,557
T00672,CUST0269,Social,C076,2024-03-27 00:00:00,False,0.0,Mobile,558
T00673,CUST0269,Paid_Ad,C044,2024-04-01 00:00:00,True,171.22,Tablet,541
T00674,CUST0270,Organic,C114,2024-04-24 00:00:00,False,0.0,Tablet,575
T00675,CUST0270,Paid_Ad,C060,2024-04-28 00:00:00,True,191.2,Tablet,91
T00676,CUST0271,Organic,C120,2024-10-13 00:00:00,False,0.0,Desktop,181
T00677,CUST0271,Email,C016,2024-10-15 00:00:00,True,192.12,Mobile,337
T00678,CUST0272,Email,C021,2024-01-27 00:00:00,False,0.0,Mobile,238
T00679,CUST0272,Email,C027,2024-01-31 00:00:00,True,169.21,Desktop,323
T00680,CUST0273,Paid_Ad,C048,2024-12-18 00:00:00,False,0.0,Desktop,274
T00681,CUST0273,Social,C072,2024-12-22 00:00:00,False,0.0,Mobile,226
T00682,CUST0273,Email,C002,2024-12-26 00:00:00,True,281.3,Mobile,347
T00683,CUST0274,Social,C092,2024-11-02 00:00:00,False,0.0,Desktop,67
T00684,CUST0274,Paid_Ad,C045,2024-11-06 00:00:00,True,130.61,Mobile,309
T00685,CUST0275,Paid_Ad,C049,2024-03-16 00:00:00,False,0.0,Desktop,593
T00686,CUST0275,Social,C076,2024-03-17 00:00:00,False,0.0,Tablet,73
T00687,CUST0275,Email,C032,2024-03-18 00:00:00,True,218.26,Mobile,86
T00688,CUST0276,Email,C020,2024-04-25 00:00:00,True,125.07,Mobile,446
T00689,CUST0277,Paid_Ad,C058,2024-06-04 00:00:00,False,0.0,Tablet,173
T00690,CUST0277,Organic,C112,2024-06-05 00:00:00,True,238.41,Mobile,542
T00691,CUST0278,Email,C017,2023-12-27 00:00:00,True,221.2,Desktop,122
T00692,CUST0279,Organic,C117,2024-05-14 00:00:00,False,0.0,Desktop,429
T00693,CUST0279,Paid_Ad,C048,2024-05-15 00:00:00,True,307.78,Desktop,253
T00694,CUST0280,Paid_Ad,C044,2024-05-08 00:00:00,False,0.0,Mobile,311
T00695,CUST0280,Social,C093,2024-05-10 00:00:00,False,0.0,Desktop,290
T00696,CUST0280,Email,C004,2024-05-12 00:00:00,True,247.81,Desktop,576
T00697,CUST0281,Paid_Ad,C053,2024-01-26 00:00:00,False,0.0,Tablet,463
T00698,CUST0281,Organic,C127,2024-01-27 00:00:00,True,228.37,Tablet,282
T00699,CUST0282,Social,C088,2024-10-08 00:00:00,False,0.0,Desktop,406
T00700,CUST0282,Social,C084,2024-10-11 00:00:00,False,0.0,Mobile,65
T00701,CUST0282,Paid_Ad,C036,2024-10-14 00:00:00,False,0.0,Tablet,275
T00702,CUST0282,Email,C017,2024-10-17 00:00:00,True,234.77,Tablet,423
T00703,CUST0283,Social,C072,2024-08-08 00:00:00,False,0.0,Tablet,272
T00704,CUST0283,Social,C093,2024-08-13 00:00:00,False,0.0,Desktop,38
T00705,CUST0283,Paid_Ad,C058,2024-08-18 00:00:00,False,0.0,Desktop,338
T00706,CUST0283,Email,C006,2024-08-23 00:00:00,True,196.02,Mobile,334
T00707,CUST0284,Organic,C125,2024-11-27 00:00:00,False,0.0,Tablet,354
T00708,CUST0284,Paid_Ad,C059,2024-11-29 00:00:00,True,139.11,Mobile,310
T00709,CUST0285,Email,C031,2024-10-10 00:00:00,True,118.92,Tablet,452
T00710,CUST0286,Paid_Ad,C039,2024-01-16 00:00:00,False,0.0,Mobile,297
T00711,CUST0286,Organic,C101,2024-01-20 00:00:00,True,109.23,Desktop,460
T00712,CUST0287,Paid_Ad,C053,2024-07-22 00:00:00,False,0.0,Desktop,58
T00713,CUST0287,Email,C004,2024-07-29 00:00:00,False,0.0,Tablet,218
T00714,CUST0287,Social,C093,2024-08-05 00:00:00,False,0.0,Tablet,169
T00715,CUST0287,Email,C001,2024-08-12 00:00:00,True,192.9,Desktop,234
T00716,CUST0288,Social,C070,2024-10-08 00:00:00,False,0.0,Mobile,191
T00717,CUST0288,Social,C080,2024-10-13 00:00:00,False,0.0,Tablet,163
T00718,CUST0288,Paid_Ad,C059,2024-10-18 00:00:00,False,0.0,Desktop,492
T00719,CUST0288,Email,C031,2024-10-23 00:00:00,True,251.63,Tablet,166
T00720,CUST0289,Social,C085,2024-01-01 00:00:00,False,0.0,Desktop,233
T00721,CUST0289,Social,C070,2024-01-04 00:00:00,False,0.0,Desktop,406
T00722,CUST0289,Paid_Ad,C044,2024-01-07 00:00:00,False,0.0,Desktop,416
T00723,CUST0289,Email,C015,2024-01-10 00:00:00,True,274.97,Mobile,53
T00724,CUST0290,Organic,C102,2024-07-06 00:00:00,False,0.0,Desktop,233
T00725,CUST0290,Email,C017,2024-07-08 00:00:00,True,235.63,Tablet,202
T00726,CUST0291,Social,C092,2024-01-15 00:00:00,False,0.0,Tablet,296
T00727,CUST0291,Email,C010,2024-01-20 00:00:00,False,0.0,Mobile,406
T00728,CUST0291,Paid_Ad,C043,2024-01-25 00:00:00,True,203.56,Tablet,150
T00729,CUST0292,Social,C092,2024-06-19 00:00:00,False,0.0,Desktop,536
T00730,CUST0292,Email,C008,2024-06-25 00:00:00,False,0.0,Mobile,238
T00731,CUST0292,Paid_Ad,C045,2024-07-01 00:00:00,True,247.73,Desktop,324
T00732,CUST0293,Social,C073,2024-07-12 00:00:00,False,0.0,Desktop,241
T00733,CUST0293,Paid_Ad,C046,2024-07-16 00:00:00,True,209.64,Desktop,223
T00734,CUST0294,Email,C027,2024-06-06 00:00:00,False,0.0,Mobile,59
T00735,CUST0294,Email,C019,2024-06-08 00:00:00,True,266.56,Desktop,271
T00736,CUST0295,Paid_Ad,C048,2024-03-17 00:00:00,False,0.0,Desktop,499
T00737,CUST0295,Email,C006,2024-03-23 00:00:00,False,0.0,Mobile,510
T00738,CUST0295,Social,C073,2024-03-29 00:00:00,False,0.0,Desktop,437
T00739,CUST0295,Email,C014,2024-04-04 00:00:00,True,284.15,Tablet,422
T00740,CUST0296,Email,C005,2024-08-20 00:00:00,False,0.0,Mobile,600
T00741,CUST0296,Email,C004,2024-08-23 00:00:00,True,201.25,Mobile,370
T00742,CUST0297,Organic,C119,2024-05-06 00:00:00,False,0.0,Tablet,76
T00743,CUST0297,Paid_Ad,C033,2024-05-10 00:00:00,True,131.07,Desktop,546
T00744,CUST0298,Paid_Ad,C052,2024-05-23 00:00:00,False,0.0,Desktop,409
T00745,CUST0298,Email,C009,2024-05-29 00:00:00,False,0.0,Tablet,72
T00746,CUST0298,Social,C076,2024-06-04 00:00:00,False,0.0,Desktop,203
T00747,CUST0298,Email,C032,2024-06-10 00:00:00,True,131.25,Desktop,509
T00748,CUST0299,Paid_Ad,C053,2024-05-27 00:00:00,False,0.0,Tablet,573
T00749,CUST0299,Social,C092,2024-05-29 00:00:00,False,0.0,Mobile,296
T00750,CUST0299,Email,C008,2024-05-31 00:00:00,True,293.06,Desktop,75
T00751,CUST0300,Paid_Ad,C050,2024-09-20 00:00:00,False,0.0,Tablet,399
T00752,CUST0300,Social,C092,2024-09-26 00:00:00,False,0.0,Desktop,299
T00753,CUST0300,Email,C017,2024-10-02 00:00:00,True,99.91,Tablet,350
T00754,CUST0301,Email,C021,2024-04-19 00:00:00,False,0.0,Tablet,533
T00755,CUST0301,Email,C010,2024-04-21 00:00:00,True,154.99,Tablet,480
T00756,CUST0302,Social,C074,2024-01-29 00:00:00,False,0.0,Mobile,265
T00757,CUST0302,Email,C012,2024-02-01 00:00:00,False,0.0,Mobile,511
T00758,CUST0302,Paid_Ad,C049,2024-02-04 00:00:00,True,251.52,Mobile,508
T00759,CUST0303,Email,C032,2024-06-15 00:00:00,False,0.0,Mobile,482
T00760,CUST0303,Email,C023,2024-06-16 00:00:00,True,143.27,Tablet,526
T00761,CUST0304,Social,C072,2024-07-12 00:00:00,False,0.0,Tablet,181
T00762,CUST0304,Paid_Ad,C040,2024-07-16 00:00:00,True,88.95,Desktop,125
T00763,CUST0305,Organic,C108,2024-03-30 00:00:00,False,0.0,Mobile,550
T00764,CUST0305,Paid_Ad,C050,2024-04-02 00:00:00,True,173.13,Tablet,247
T00765,CUST0306,Paid_Ad,C044,2024-11-21 00:00:00,False,0.0,Desktop,108
T00766,CUST0306,Email,C016,2024-11-22 00:00:00,False,0.0,Desktop,126
T00767,CUST0306,Social,C086,2024-11-23 00:00:00,False,0.0,Mobile,321
T00768,CUST0306,Email,C008,2024-11-24 00:00:00,True,191.79,Desktop,412
T00769,CUST0307,Paid_Ad,C053,2024-03-02 00:00:00,False,0.0,Mobile,59
T00770,CUST0307,Email,C006,2024-03-04 00:00:00,False,0.0,Desktop,521
T00771,CUST0307,Social,C094,2024-03-06 00:00:00,False,0.0,Tablet,305
T00772,CUST0307,Email,C001,2024-03-08 00:00:00,True,155.28,Desktop,74
T00773,CUST0308,Paid_Ad,C053,2024-06-05 00:00:00,False,0.0,Tablet,162
T00774,CUST0308,Email,C014,2024-06-11 00:00:00,False,0.0,Mobile,319
T00775,CUST0308,Social,C085,2024-06-17 00:00:00,False,0.0,Mobile,102
T00776,CUST0308,Email,C025,2024-06-23 00:00:00,True,275.75,Mobile,438
T00777,CUST0309,Social,C080,2024-05-06 00:00:00,False,0.0,Desktop,121
T00778,CUST0309,Social,C066,2024-05-09 00:00:00,False,0.0,Mobile,196
T00779,CUST0309,Paid_Ad,C057,2024-05-12 00:00:00,False,0.0,Desktop,321
T00780,CUST0309,Email,C010,2024-05-15 00:00:00,True,116.79,Mobile,335
T00781,CUST0310,Social,C084,2024-08-21 00:00:00,False,0.0,Tablet,164
T00782,CUST0310,Paid_Ad,C055,2024-08-25 00:00:00,True,190.35,Tablet,128
T00783,CUST0311,Paid_Ad,C045,2024-04-23 00:00:00,False,0.0,Desktop,486
T00784,CUST0311,Organic,C121,2024-04-28 00:00:00,True,229.48,Desktop,304
T00785,CUST0312,Paid_Ad,C038,2024-03-05 00:00:00,False,0.0,Desktop,407
T00786,CUST0312,Email,C012,2024-03-11 00:00:00,False,0.0,Desktop,466
T00787,CUST0312,Social,C070,2024-03-17 00:00:00,False,0.0,Mobile,555
T00788,CUST0312,Email,C022,2024-03-23 00:00:00,True,123.74,Desktop,259
T00789,CUST0313,Paid_Ad,C038,2024-06-11 00:00:00,False,0.0,Desktop,509
T00790,CUST0313,Social,C092,2024-06-17 00:00:00,False,0.0,Mobile,519
T00791,CUST0313,Email,C020,2024-06-23 00:00:00,True,204.21,Mobile,160
T00792,CUST0314,Social,C092,2024-08-24 00:00:00,False,0.0,Desktop,78
T00793,CUST0314,Social,C069,2024-08-27 00:00:00,False,0.0,Mobile,555
T00794,CUST0314,Paid_Ad,C039,2024-08-30 00:00:00,False,0.0,Tablet,465
T00795,CUST0314,Email,C027,2024-09-02 00:00:00,True,131.04,Mobile,505
T00796,CUST0315,Paid_Ad,C055,2024-05-31 00:00:00,False,0.0,Desktop,113
T00797,CUST0315,Email,C002,2024-06-04 00:00:00,False,0.0,Mobile,503
T00798,CUST0315,Social,C076,2024-06-08 00:00:00,False,0.0,Mobile,432
T00799,CUST0315,Email,C003,2024-06-12 00:00:00,True,117.85,Mobile,456
T00800,CUST0316,Social,C094,2024-02-24 00:00:00,False,0.0,Tablet,490
T00801,CUST0316,Social,C081,2024-02-29 00:00:00,False,0.0,Desktop,221
T00802,CUST0316,Paid_Ad,C046,2024-03-05 00:00:00,False,0.0,Mobile,110
T00803,CUST0316,Email,C017,2024-03-10 00:00:00,True,267.44,Tablet,138
T00804,CUST0317,Email,C002,2024-06-30 00:00:00,False,0.0,Mobile,434
T00805,CUST0317,Email,C008,2024-07-05 00:00:00,True,380.67,Mobile,205
T00806,CUST0318,Social,C090,2024-03-12 00:00:00,False,0.0,Tablet,528
T00807,CUST0318,Paid_Ad,C052,2024-03-16 00:00:00,True,321.61,Tablet,399
T00808,CUST0319,Email,C006,2024-10-08 00:00:00,False,0.0,Mobile,168
T00809,CUST0319,Email,C001,2024-10-11 00:00:00,True,266.8,Mobile,144
T00810,CUST0320,Social,C066,2024-03-20 00:00:00,False,0.0,Mobile,522
T00811,CUST0320,Email,C010,2024-03-23 00:00:00,False,0.0,Tablet,277
T00812,CUST0320,Paid_Ad,C060,2024-03-26 00:00:00,True,135.55,Tablet,581
T00813,CUST0321,Organic,C116,2024-12-22 00:00:00,False,0.0,Desktop,181
T00814,CUST0321,Paid_Ad,C063,2024-12-23 00:00:00,True,197.94,Desktop,52
T00815,CUST0322,Email,C010,2024-11-05 00:00:00,True,253.0,Tablet,485
T00816,CUST0323,Social,C066,2024-04-22 00:00:00,False,0.0,Desktop,278
T00817,CUST0323,Paid_Ad,C045,2024-04-26 00:00:00,True,284.62,Desktop,431
T00818,CUST0324,Social,C065,2024-04-03 00:00:00,False,0.0,Mobile,472
T00819,CUST0324,Email,C027,2024-04-07 00:00:00,False,0.0,Desktop,597
T00820,CUST0324,Paid_Ad,C051,2024-04-11 00:00:00,True,264.89,Mobile,529
T00821,CUST0325,Email,C032,2024-07-07 00:00:00,False,0.0,Mobile,92
T00822,CUST0325,Email,C002,2024-07-11 00:00:00,True,273.63,Desktop,353
T00823,CUST0326,Organic,C114,2024-07-08 00:00:00,False,0.0,Tablet,457
T00824,CUST0326,Email,C031,2024-07-09 00:00:00,True,223.24,Mobile,536
T00825,CUST0327,Paid_Ad,C061,2023-12-28 00:00:00,False,0.0,Tablet,476
T00826,CUST0327,Email,C002,2024-01-02 00:00:00,False,0.0,Mobile,324
T00827,CUST0327,Social,C077,2024-01-07 00:00:00,False,0.0,Desktop,382
T00828,CUST0327,Email,C029,2024-01-12 00:00:00,True,115.46,Mobile,549
T00829,CUST0328,Organic,C126,2024-07-04 00:00:00,False,0.0,Mobile,330
T00830,CUST0328,Paid_Ad,C057,2024-07-07 00:00:00,True,273.5,Desktop,398
T00831,CUST0329,Social,C078,2024-08-31 00:00:00,False,0.0,Desktop,118
T00832,CUST0329,Paid_Ad,C063,2024-09-02 00:00:00,True,140.18,Mobile,207
T00833,CUST0330,Organic,C128,2024-02-17 00:00:00,False,0.0,Mobile,455
T00834,CUST0330,Paid_Ad,C064,2024-02-19 00:00:00,True,156.63,Desktop,270
T00835,CUST0331,Organic,C100,2024-09-23 00:00:00,False,0.0,Mobile,397
T00836,CUST0331,Paid_Ad,C049,2024-09-28 00:00:00,True,306.4,Desktop,192
T00837,CUST0332,Paid_Ad,C035,2024-09-18 00:00:00,False,0.0,Mobile,375
T00838,CUST0332,Social,C092,2024-09-24 00:00:00,False,0.0,Mobile,262
T00839,CUST0332,Email,C008,2024-09-30 00:00:00,True,109.8,Tablet,259
T00840,CUST0333,Social,C086,2024-11-28 00:00:00,False,0.0,Desktop,77
T00841,CUST0333,Paid_Ad,C050,2024-12-01 00:00:00,True,244.25,Mobile,557
T00842,CUST0334,Paid_Ad,C036,2024-05-20 00:00:00,False,0.0,Desktop,498
T00843,CUST0334,Email,C008,2024-05-22 00:00:00,False,0.0,Mobile,134
T00844,CUST0334,Social,C067,2024-05-24 00:00:00,False,0.0,Tablet,137
T00845,CUST0334,Email,C011,2024-05-26 00:00:00,True,216.13,Tablet,150
T00846,CUST0335,Organic,C107,2024-11-27 00:00:00,False,0.0,Tablet,329
T00847,CUST0335,Paid_Ad,C061,2024-11-30 00:00:00,True,99.31,Tablet,540
T00848,CUST0336,Email,C024,2024-07-04 00:00:00,True,181.59,Desktop,171
T00849,CUST0337,Email,C029,2024-05-12 00:00:00,True,124.68,Desktop,36
T00850,CUST0338,Organic,C118,2024-09-25 00:00:00,False,0.0,Desktop,547
T00851,CUST0338,Paid_Ad,C043,2024-09-29 00:00:00,True,326.5,Mobile,302
T00852,CUST0339,Paid_Ad,C056,2024-09-16 00:00:00,False,0.0,Tablet,281
T00853,CUST0339,Organic,C106,2024-09-20 00:00:00,True,281.4,Tablet,461
T00854,CUST0340,Organic,C124,2024-02-06 00:00:00,False,0.0,Desktop,449
T00855,CUST0340,Paid_Ad,C062,2024-02-08 00:00:00,True,235.67,Tablet,400
T00856,CUST0341,Social,C074,2024-03-08 00:00:00,False,0.0,Mobile,559
T00857,CUST0341,Email,C005,2024-03-14 00:00:00,False,0.0,Mobile,376
T00858,CUST0341,Paid_Ad,C053,2024-03-20 00:00:00,True,290.48,Desktop,198
T00859,CUST0342,Email,C026,2024-08-08 00:00:00,False,0.0,Mobile,184
T00860,CUST0342,Email,C004,2024-08-09 00:00:00,True,395.28,Tablet,562
T00861,CUST0343,Social,C090,2024-01-11 00:00:00,False,0.0,Tablet,596
T00862,CUST0343,Social,C084,2024-01-17 00:00:00,False,0.0,Tablet,351
T00863,CUST0343,Paid_Ad,C055,2024-01-23 00:00:00,False,0.0,Mobile,316
T00864,CUST0343,Email,C010,2024-01-29 00:00:00,True,197.16,Tablet,443
T00865,CUST0344,Social,C093,2024-01-02 00:00:00,False,0.0,Tablet,383
T00866,CUST0344,Paid_Ad,C058,2024-01-04 00:00:00,True,188.67,Mobile,338
T00867,CUST0345,Email,C022,2024-10-15 00:00:00,True,240.35,Desktop,159
T00868,CUST0346,Organic,C115,2024-09-21 00:00:00,False,0.0,Mobile,125
T00869,CUST0346,Email,C020,2024-09-26 00:00:00,True,264.56,Tablet,378
T00870,CUST0347,Paid_Ad,C034,2024-01-16 00:00:00,False,0.0,Tablet,294
T00871,CUST0347,Social,C080,2024-01-17 00:00:00,False,0.0,Desktop,462
T00872,CUST0347,Email,C008,2024-01-18 00:00:00,True,148.88,Tablet,91
T00873,CUST0348,Paid_Ad,C055,2024-06-12 00:00:00,False,0.0,Mobile,78
T00874,CUST0348,Organic,C104,2024-06-15 00:00:00,True,141.62,Desktop,335
T00875,CUST0349,Paid_Ad,C062,2024-05-29 00:00:00,False,0.0,Desktop,271
T00876,CUST0349,Email,C015,2024-05-30 00:00:00,False,0.0,Desktop,336
T00877,CUST0349,Social,C083,2024-05-31 00:00:00,False,0.0,Tablet,173
T00878,CUST0349,Email,C025,2024-06-01 00:00:00,True,173.24,Tablet,283
T00879,CUST0350,Email,C013,2024-08-07 00:00:00,True,170.81,Desktop,495
T00880,CUST0351,Email,C028,2024-07-23 00:00:00,True,218.55,Desktop,113
T00881,CUST0352,Email,C028,2024-02-01 00:00:00,True,232.24,Mobile,517
T00882,CUST0353,Organic,C101,2024-03-30 00:00:00,False,0.0,Desktop,568
T00883,CUST0353,Paid_Ad,C058,2024-04-03 00:00:00,True,296.81,Tablet,561
T00884,CUST0354,Email,C032,2024-12-20 00:00:00,False,0.0,Tablet,463
T00885,CUST0354,Email,C029,2024-12-23 00:00:00,True,204.33,Tablet,531
T00886,CUST0355,Email,C010,2024-07-05 00:00:00,False,0.0,Tablet,160
T00887,CUST0355,Email,C032,2024-07-07 00:00:00,True,242.88,Tablet,498
T00888,CUST0356,Paid_Ad,C040,2024-03-04 00:00:00,False,0.0,Tablet,247
T00889,CUST0356,Social,C094,2024-03-10 00:00:00,False,0.0,Desktop,63
T00890,CUST0356,Email,C011,2024-03-16 00:00:00,True,277.27,Tablet,408
T00891,CUST0357,Email,C008,2024-10-11 00:00:00,True,301.28,Mobile,408
T00892,CUST0358,Paid_Ad,C035,2024-09-01 00:00:00,False,0.0,Tablet,186
T00893,CUST0358,Email,C008,2024-09-05 00:00:00,False,0.0,Desktop,342
T00894,CUST0358,Social,C088,2024-09-09 00:00:00,False,0.0,Desktop,331
T00895,CUST0358,Email,C032,2024-09-13 00:00:00,True,262.01,Mobile,176
T00896,CUST0359,Paid_Ad,C036,2024-10-18 00:00:00,False,0.0,Desktop,320
T00897,CUST0359,Social,C078,2024-10-23 00:00:00,False,0.0,Mobile,530
T00898,CUST0359,Email,C001,2024-10-28 00:00:00,True,138.96,Mobile,590
T00899,CUST0360,Paid_Ad,C035,2024-06-24 00:00:00,False,0.0,Desktop,522
T00900,CUST0360,Organic,C116,2024-06-25 00:00:00,True,144.38,Tablet,493
T00901,CUST0361,Paid_Ad,C063,2024-02-14 00:00:00,False,0.0,Tablet,165
T00902,CUST0361,Organic,C105,2024-02-18 00:00:00,True,169.93,Tablet,501
T00903,CUST0362,Social,C074,2024-05-15 00:00:00,False,0.0,Tablet,363
T00904,CUST0362,Paid_Ad,C038,2024-05-19 00:00:00,True,198.98,Tablet,449
T00905,CUST0363,Email,C026,2024-05-16 00:00:00,False,0.0,Desktop,583
T00906,CUST0363,Email,C003,2024-05-18 00:00:00,True,221.97,Tablet,483
T00907,CUST0364,Social,C075,2024-04-24 00:00:00,False,0.0,Tablet,55
T00908,CUST0364,Social,C084,2024-04-26 00:00:00,False,0.0,Tablet,156
T00909,CUST0364,Paid_Ad,C038,2024-04-28 00:00:00,False,0.0,Mobile,584
T00910,CUST0364,Email,C004,2024-04-30 00:00:00,True,219.31,Tablet,564
T00911,CUST0365,Organic,C098,2024-01-05 00:00:00,False,0.0,Mobile,574
T00912,CUST0365,Paid_Ad,C044,2024-01-09 00:00:00,True,221.42,Mobile,311
T00913,CUST0366,Organic,C125,2024-01-14 00:00:00,False,0.0,Mobile,576
T00914,CUST0366,Paid_Ad,C053,2024-01-16 00:00:00,True,202.96,Desktop,76
T00915,CUST0367,Social,C086,2024-12-15 00:00:00,False,0.0,Desktop,214
T00916,CUST0367,Paid_Ad,C059,2024-12-16 00:00:00,True,218.56,Mobile,570
T00917,CUST0368,Paid_Ad,C049,2024-11-24 00:00:00,False,0.0,Mobile,147
T00918,CUST0368,Organic,C103,2024-11-28 00:00:00,True,130.78,Tablet,202
T00919,CUST0369,Social,C076,2024-10-01 00:00:00,False,0.0,Desktop,121
T00920,CUST0369,Social,C074,2024-10-04 00:00:00,False,0.0,Desktop,447
T00921,CUST0369,Paid_Ad,C043,2024-10-07 00:00:00,False,0.0,Mobile,363
T00922,CUST0369,Email,C012,2024-10-10 00:00:00,True,321.22,Mobile,89
T00923,CUST0370,Social,C071,2024-05-13 00:00:00,False,0.0,Desktop,175
T00924,CUST0370,Social,C091,2024-05-19 00:00:00,False,0.0,Desktop,294
T00925,CUST0370,Paid_Ad,C057,2024-05-25 00:00:00,False,0.0,Mobile,83
T00926,CUST0370,Email,C013,2024-05-31 00:00:00,True,285.96,Mobile,272
T00927,CUST0371,Social,C089,2024-02-20 00:00:00,False,0.0,Mobile,305
T00928,CUST0371,Paid_Ad,C036,2024-02-25 00:00:00,True,122.92,Desktop,505
T00929,CUST0372,Organic,C101,2024-12-06 00:00:00,False,0.0,Desktop,59
T00930,CUST0372,Email,C027,2024-12-10 00:00:00,True,173.01,Tablet,269
T00931,CUST0373,Social,C071,2024-06-12 00:00:00,False,0.0,Mobile,598
T00932,CUST0373,Email,C009,2024-06-16 00:00:00,False,0.0,Desktop,446
T00933,CUST0373,Paid_Ad,C061,2024-06-20 00:00:00,True,392.62,Mobile,542
T00934,CUST0374,Organic,C120,2024-02-07 00:00:00,False,0.0,Tablet,202
T00935,CUST0374,Paid_Ad,C048,2024-02-09 00:00:00,True,184.84,Tablet,463
T00936,CUST0375,Organic,C099,2024-04-08 00:00:00,False,0.0,Mobile,505
T00937,CUST0375,Email,C019,2024-04-12 00:00:00,True,180.81,Tablet,201
T00938,CUST0376,Social,C095,2024-11-16 00:00:00,False,0.0,Desktop,286
T00939,CUST0376,Email,C025,2024-11-17 00:00:00,False,0.0,Desktop,247
T00940,CUST0376,Paid_Ad,C051,2024-11-18 00:00:00,True,173.45,Mobile,195
T00941,CUST0377,Organic,C116,2024-07-07 00:00:00,False,0.0,Mobile,434
T00942,CUST0377,Email,C008,2024-07-08 00:00:00,True,233.86,Mobile,599
T00943,CUST0378,Social,C078,2024-04-13 00:00:00,False,0.0,Tablet,546
T00944,CUST0378,Social,C085,2024-04-19 00:00:00,False,0.0,Tablet,380
T00945,CUST0378,Paid_Ad,C049,2024-04-25 00:00:00,False,0.0,Tablet,493
T00946,CUST0378,Email,C018,2024-05-01 00:00:00,True,264.96,Mobile,359
T00947,CUST0379,Paid_Ad,C062,2024-10-23 00:00:00,False,0.0,Tablet,366
T00948,CUST0379,Organic,C098,2024-10-25 00:00:00,True,112.06,Tablet,166
T00949,CUST0380,Social,C065,2024-10-14 00:00:00,False,0.0,Mobile,207
T00950,CUST0380,Email,C027,2024-10-20 00:00:00,False,0.0,Tablet,530
T00951,CUST0380,Paid_Ad,C058,2024-10-26 00:00:00,True,160.86,Tablet,113
T00952,CUST0381,Email,C002,2024-03-27 00:00:00,True,243.28,Tablet,485
T00953,CUST0382,Email,C025,2024-03-01 00:00:00,True,236.94,Tablet,396
T00954,CUST0383,Email,C001,2024-01-16 00:00:00,False,0.0,Mobile,503
T00955,CUST0383,Email,C024,2024-01-18 00:00:00,True,264.3,Mobile,485
T00956,CUST0384,Social,C066,2024-11-20 00:00:00,False,0.0,Desktop,396
T00957,CUST0384,Email,C013,2024-11-23 00:00:00,False,0.0,Mobile,340
T00958,CUST0384,Paid_Ad,C047,2024-11-26 00:00:00,True,105.26,Mobile,535
T00959,CUST0385,Paid_Ad,C050,2024-05-07 00:00:00,False,0.0,Desktop,244
T00960,CUST0385,Organic,C097,2024-05-08 00:00:00,True,266.81,Mobile,435
T00961,CUST0386,Email,C032,2024-11-29 00:00:00,True,147.84,Mobile,595
T00962,CUST0387,Organic,C101,2024-11-08 00:00:00,False,0.0,Tablet,161
T00963,CUST0387,Paid_Ad,C037,2024-11-10 00:00:00,True,131.49,Mobile,295
T00964,CUST0388,Paid_Ad,C050,2024-04-29 00:00:00,False,0.0,Mobile,53
T00965,CUST0388,Email,C017,2024-05-02 00:00:00,False,0.0,Tablet,494
T00966,CUST0388,Social,C065,2024-05-05 00:00:00,False,0.0,Desktop,83
T00967,CUST0388,Email,C021,2024-05-08 00:00:00,True,327.03,Desktop,446
T00968,CUST0389,Social,C094,2024-09-02 00:00:00,False,0.0,Desktop,400
T00969,CUST0389,Social,C067,2024-09-04 00:00:00,False,0.0,Tablet,259
T00970,CUST0389,Paid_Ad,C036,2024-09-06 00:00:00,False,0.0,Desktop,460
T00971,CUST0389,Email,C029,2024-09-08 00:00:00,True,263.78,Desktop,35
T00972,CUST0390,Email,C022,2024-02-10 00:00:00,False,0.0,Mobile,55
T00973,CUST0390,Email,C015,2024-02-12 00:00:00,True,296.42,Tablet,463
T00974,CUST0391,Email,C013,2024-02-03 00:00:00,True,234.93,Mobile,367
T00975,CUST0392,Social,C071,2024-01-17 00:00:00,False,0.0,Mobile,521
T00976,CUST0392,Social,C092,2024-01-19 00:00:00,False,0.0,Mobile,372
T00977,CUST0392,Paid_Ad,C049,2024-01-21 00:00:00,False,0.0,Mobile,140
T00978,CUST0392,Email,C031,2024-01-23 00:00:00,True,291.53,Mobile,378
T00979,CUST0393,Social,C080,2024-02-15 00:00:00,False,0.0,Mobile,479
T00980,CUST0393,Email,C007,2024-02-19 00:00:00,False,0.0,Tablet,487
T00981,CUST0393,Paid_Ad,C040,2024-02-23 00:00:00,True,299.98,Mobile,92
T00982,CUST0394,Social,C085,2024-06-01 00:00:00,False,0.0,Tablet,96
T00983,CUST0394,Email,C009,2024-06-06 00:00:00,False,0.0,Mobile,482
T00984,CUST0394,Paid_Ad,C036,2024-06-11 00:00:00,True,267.75,Desktop,472
T00985,CUST0395,Email,C004,2024-03-31 00:00:00,True,172.95,Tablet,83
T00986,CUST0396,Social,C090,2024-07-10 00:00:00,False,0.0,Mobile,450
T00987,CUST0396,Social,C079,2024-07-16 00:00:00,False,0.0,Tablet,40
T00988,CUST0396,Paid_Ad,C062,2024-07-22 00:00:00,False,0.0,Desktop,505
T00989,CUST0396,Email,C028,2024-07-28 00:00:00,True,266.14,Tablet,133
T00990,CUST0397,Paid_Ad,C062,2024-03-20 00:00:00,False,0.0,Tablet,366
T00991,CUST0397,Organic,C109,2024-03-21 00:00:00,True,175.88,Mobile,135
T00992,CUST0398,Social,C077,2024-11-02 00:00:00,False,0.0,Tablet,159
T00993,CUST0398,Email,C017,2024-11-04 00:00:00,False,0.0,Desktop,461
T00994,CUST0398,Paid_Ad,C063,2024-11-06 00:00:00,True,214.9,Tablet,485
T00995,CUST0399,Paid_Ad,C041,2024-02-17 00:00:00,False,0.0,Mobile,91
T00996,CUST0399,Social,C073,2024-02-20 00:00:00,False,0.0,Desktop,476
T00997,CUST0399,Email,C023,2024-02-23 00:00:00,True,248.34,Desktop,584
T00998,CUST0400,Paid_Ad,C063,2024-12-05 00:00:00,False,0.0,Desktop,381
T00999,CUST0400,Social,C083,2024-12-07 00:00:00,False,0.0,Desktop,38
T01000,CUST0400,Email,C010,2024-12-09 00:00:00,True,243.37,Mobile,273
T01001,CUST0401,Organic,C100,2024-12-14 00:00:00,False,0.0,Desktop,382
T01002,CUST0401,Email,C013,2024-12-19 00:00:00,True,100.0,Mobile,236
T01003,CUST0402,Email,C013,2024-11-17 00:00:00,True,124.54,Tablet,517
T01004,CUST0403,Social,C086,2024-09-08 00:00:00,False,0.0,Tablet,336
T01005,CUST0403,Paid_Ad,C059,2024-09-11 00:00:00,True,356.89,Desktop,196
T01006,CUST0404,Email,C003,2024-05-13 00:00:00,True,223.54,Desktop,254
T01007,CUST0405,Social,C079,2024-08-05 00:00:00,False,0.0,Desktop,248
T01008,CUST0405,Email,C016,2024-08-08 00:00:00,False,0.0,Desktop,369
T01009,CUST0405,Paid_Ad,C057,2024-08-11 00:00:00,True,210.48,Mobile,439
T01010,CUST0406,Paid_Ad,C056,2024-11-26 00:00:00,False,0.0,Mobile,105
T01011,CUST0406,Social,C087,2024-11-27 00:00:00,False,0.0,Mobile,598
T01012,CUST0406,Email,C008,2024-11-28 00:00:00,True,159.1,Mobile,327
T01013,CUST0407,Social,C088,2024-02-11 00:00:00,False,0.0,Mobile,60
T01014,CUST0407,Paid_Ad,C045,2024-02-13 00:00:00,True,324.82,Mobile,320
T01015,CUST0408,Paid_Ad,C049,2024-11-29 00:00:00,False,0.0,Tablet,208
T01016,CUST0408,Social,C086,2024-12-02 00:00:00,False,0.0,Tablet,281
T01017,CUST0408,Email,C012,2024-12-05 00:00:00,True,321.98,Mobile,52
T01018,CUST0409,Paid_Ad,C039,2024-11-01 00:00:00,False,0.0,Mobile,170
T01019,CUST0409,Social,C089,2024-11-05 00:00:00,False,0.0,Tablet,143
T01020,CUST0409,Email,C022,2024-11-09 00:00:00,True,216.04,Mobile,342
T01021,CUST0410,Social,C088,2024-11-28 00:00:00,False,0.0,Desktop,205
T01022,CUST0410,Paid_Ad,C060,2024-11-30 00:00:00,True,111.49,Tablet,96
T01023,CUST0411,Email,C009,2024-02-20 00:00:00,True,234.68,Mobile,226
T01024,CUST0412,Organic,C120,2024-04-02 00:00:00,False,0.0,Desktop,469
T01025,CUST0412,Email,C016,2024-04-06 00:00:00,True,137.81,Mobile,223
T01026,CUST0413,Organic,C106,2024-02-19 00:00:00,False,0.0,Desktop,283
T01027,CUST0413,Email,C004,2024-02-22 00:00:00,True,104.93,Tablet,316
T01028,CUST0414,Paid_Ad,C064,2024-08-26 00:00:00,False,0.0,Mobile,113
T01029,CUST0414,Social,C095,2024-09-01 00:00:00,False,0.0,Tablet,96
T01030,CUST0414,Email,C011,2024-09-07 00:00:00,True,281.06,Tablet,427
T01031,CUST0415,Organic,C128,2024-08-28 00:00:00,False,0.0,Tablet,505
T01032,CUST0415,Email,C012,2024-08-31 00:00:00,True,245.97,Desktop,412
T01033,CUST0416,Organic,C128,2024-10-25 00:00:00,False,0.0,Desktop,304
T01034,CUST0416,Email,C026,2024-10-29 00:00:00,True,232.29,Tablet,67
T01035,CUST0417,Organic,C109,2024-05-02 00:00:00,False,0.0,Desktop,270
T01036,CUST0417,Paid_Ad,C058,2024-05-04 00:00:00,True,237.04,Mobile,343
T01037,CUST0418,Email,C011,2024-10-27 00:00:00,False,0.0,Desktop,290
T01038,CUST0418,Email,C006,2024-10-31 00:00:00,True,307.79,Mobile,116
T01039,CUST0419,Social,C087,2024-09-13 00:00:00,False,0.0,Mobile,72
T01040,CUST0419,Social,C094,2024-09-19 00:00:00,False,0.0,Tablet,374
T01041,CUST0419,Paid_Ad,C060,2024-09-25 00:00:00,False,0.0,Desktop,508
T01042,CUST0419,Email,C028,2024-10-01 00:00:00,True,137.73,Desktop,406
T01043,CUST0420,Social,C082,2024-12-22 00:00:00,False,0.0,Desktop,55
T01044,CUST0420,Paid_Ad,C044,2024-12-25 00:00:00,True,327.49,Desktop,269
T01045,CUST0421,Social,C087,2024-10-16 00:00:00,False,0.0,Mobile,331
T01046,CUST0421,Social,C070,2024-10-18 00:00:00,False,0.0,Desktop,263
T01047,CUST0421,Paid_Ad,C039,2024-10-20 00:00:00,False,0.0,Mobile,103
T01048,CUST0421,Email,C024,2024-10-22 00:00:00,True,242.37,Mobile,589
T01049,CUST0422,Organic,C109,2024-01-06 00:00:00,False,0.0,Tablet,367
T01050,CUST0422,Paid_Ad,C049,2024-01-09 00:00:00,True,108.41,Desktop,311
T01051,CUST0423,Organic,C113,2024-03-19 00:00:00,False,0.0,Mobile,336
T01052,CUST0423,Paid_Ad,C051,2024-03-21 00:00:00,True,227.21,Desktop,443
T01053,CUST0424,Email,C031,2024-01-15 00:00:00,False,0.0,Tablet,554
T01054,CUST0424,Email,C010,2024-01-16 00:00:00,True,252.29,Desktop,263
T01055,CUST0425,Organic,C127,2024-12-17 00:00:00,False,0.0,Mobile,558
T01056,CUST0425,Paid_Ad,C062,2024-12-19 00:00:00,True,264.83,Tablet,502
T01057,CUST0426,Paid_Ad,C053,2024-12-13 00:00:00,False,0.0,Mobile,469
T01058,CUST0426,Organic,C123,2024-12-14 00:00:00,True,386.98,Mobile,479
T01059,CUST0427,Social,C066,2024-08-04 00:00:00,False,0.0,Desktop,172
T01060,CUST0427,Paid_Ad,C041,2024-08-09 00:00:00,True,271.01,Desktop,39
T01061,CUST0428,Social,C086,2024-04-03 00:00:00,False,0.0,Mobile,459
T01062,CUST0428,Paid_Ad,C060,2024-04-06 00:00:00,True,281.14,Tablet,443
T01063,CUST0429,Organic,C117,2024-03-23 00:00:00,False,0.0,Tablet,53
T01064,CUST0429,Email,C003,2024-03-26 00:00:00,True,225.07,Mobile,187
T01065,CUST0430,Paid_Ad,C057,2024-02-28 00:00:00,False,0.0,Mobile,430
T01066,CUST0430,Organic,C101,2024-03-03 00:00:00,True,182.11,Tablet,425
T01067,CUST0431,Organic,C103,2024-03-11 00:00:00,False,0.0,Desktop,492
T01068,CUST0431,Paid_Ad,C052,2024-03-15 00:00:00,True,125.51,Mobile,205
T01069,CUST0432,Email,C012,2024-10-10 00:00:00,True,190.5,Mobile,530
T01070,CUST0433,Social,C077,2024-09-07 00:00:00,False,0.0,Mobile,425
T01071,CUST0433,Email,C019,2024-09-09 00:00:00,False,0.0,Mobile,268
T01072,CUST0433,Paid_Ad,C051,2024-09-11 00:00:00,True,203.34,Tablet,566
T01073,CUST0434,Email,C004,2024-04-10 00:00:00,True,184.68,Desktop,560
T01074,CUST0435,Social,C085,2024-10-06 00:00:00,False,0.0,Desktop,430
T01075,CUST0435,Email,C011,2024-10-08 00:00:00,False,0.0,Mobile,162
T01076,CUST0435,Paid_Ad,C059,2024-10-10 00:00:00,True,85.48,Desktop,100
T01077,CUST0436,Email,C009,2024-11-05 00:00:00,False,0.0,Mobile,347
T01078,CUST0436,Email,C028,2024-11-07 00:00:00,True,196.37,Tablet,516
T01079,CUST0437,Paid_Ad,C045,2024-09-21 00:00:00,False,0.0,Tablet,499
T01080,CUST0437,Social,C082,2024-09-25 00:00:00,False,0.0,Mobile,37
T01081,CUST0437,Email,C010,2024-09-29 00:00:00,True,131.52,Desktop,95
T01082,CUST0438,Email,C022,2024-01-18 00:00:00,False,0.0,Tablet,532
T01083,CUST0438,Email,C030,2024-01-20 00:00:00,True,234.91,Desktop,70
T01084,CUST0439,Email,C030,2024-03-20 00:00:00,True,272.77,Desktop,334
T01085,CUST0440,Email,C027,2024-04-15 00:00:00,False,0.0,Mobile,213
T01086,CUST0440,Email,C028,2024-04-17 00:00:00,True,177.45,Desktop,423
T01087,CUST0441,Paid_Ad,C058,2024-08-04 00:00:00,False,0.0,Tablet,74
T01088,CUST0441,Social,C080,2024-08-06 00:00:00,False,0.0,Mobile,310
T01089,CUST0441,Email,C019,2024-08-08 00:00:00,True,252.82,Tablet,98
T01090,CUST0442,Organic,C123,2024-01-11 00:00:00,False,0.0,Tablet,154
T01091,CUST0442,Paid_Ad,C056,2024-01-15 00:00:00,True,110.06,Mobile,137
T01092,CUST0443,Organic,C123,2024-04-19 00:00:00,False,0.0,Desktop,198
T01093,CUST0443,Email,C017,2024-04-22 00:00:00,True,152.48,Mobile,548
T01094,CUST0444,Social,C066,2024-11-22 00:00:00,False,0.0,Mobile,502
T01095,CUST0444,Email,C025,2024-11-28 00:00:00,False,0.0,Desktop,438
T01096,CUST0444,Paid_Ad,C045,2024-12-04 00:00:00,True,229.73,Desktop,68
T01097,CUST0445,Social,C072,2024-01-26 00:00:00,False,0.0,Tablet,169
T01098,CUST0445,Email,C021,2024-01-30 00:00:00,False,0.0,Tablet,505
T01099,CUST0445,Paid_Ad,C064,2024-02-03 00:00:00,True,274.19,Desktop,99
T01100,CUST0446,Email,C016,2024-08-02 00:00:00,True,198.72,Tablet,478
T01101,CUST0447,Paid_Ad,C050,2024-02-21 00:00:00,False,0.0,Mobile,204
T01102,CUST0447,Social,C066,2024-02-27 00:00:00,False,0.0,Tablet,132
T01103,CUST0447,Email,C012,2024-03-04 00:00:00,True,149.69,Desktop,157
T01104,CUST0448,Organic,C107,2024-11-19 00:00:00,False,0.0,Mobile,41
T01105,CUST0448,Email,C018,2024-11-23 00:00:00,True,279.82,Mobile,481
T01106,CUST0449,Paid_Ad,C046,2024-10-28 00:00:00,False,0.0,Tablet,65
T01107,CUST0449,Organic,C110,2024-10-30 00:00:00,True,230.25,Desktop,78
T01108,CUST0450,Organic,C121,2024-06-22 00:00:00,False,0.0,Tablet,345
T01109,CUST0450,Email,C029,2024-06-23 00:00:00,True,175.23,Mobile,34
T01110,CUST0451,Social,C077,2024-04-23 00:00:00,False,0.0,Mobile,413
T01111,CUST0451,Email,C016,2024-04-28 00:00:00,False,0.0,Mobile,123
T01112,CUST0451,Paid_Ad,C034,2024-05-03 00:00:00,True,136.45,Desktop,58
T01113,CUST0452,Social,C077,2024-01-24 00:00:00,False,0.0,Tablet,94
T01114,CUST0452,Email,C015,2024-01-28 00:00:00,False,0.0,Mobile,201
T01115,CUST0452,Paid_Ad,C043,2024-02-01 00:00:00,True,224.96,Mobile,455
T01116,CUST0453,Organic,C117,2024-06-15 00:00:00,False,0.0,Desktop,224
T01117,CUST0453,Email,C014,2024-06-16 00:00:00,True,105.54,Tablet,434
T01118,CUST0454,Email,C015,2024-04-06 00:00:00,False,0.0,Mobile,138
T01119,CUST0454,Email,C023,2024-04-07 00:00:00,True,189.29,Desktop,207
T01120,CUST0455,Social,C085,2024-06-19 00:00:00,False,0.0,Mobile,428
T01121,CUST0455,Email,C014,2024-06-24 00:00:00,False,0.0,Desktop,255
T01122,CUST0455,Paid_Ad,C037,2024-06-29 00:00:00,True,245.05,Tablet,315
T01123,CUST0456,Paid_Ad,C035,2024-12-09 00:00:00,False,0.0,Mobile,253
T01124,CUST0456,Email,C027,2024-12-14 00:00:00,False,0.0,Desktop,541
T01125,CUST0456,Social,C071,2024-12-19 00:00:00,False,0.0,Tablet,579
T01126,CUST0456,Email,C011,2024-12-24 00:00:00,True,219.04,Desktop,127
T01127,CUST0457,Paid_Ad,C057,2024-08-12 00:00:00,False,0.0,Tablet,166
T01128,CUST0457,Email,C022,2024-08-17 00:00:00,False,0.0,Mobile,355
T01129,CUST0457,Social,C095,2024-08-22 00:00:00,False,0.0,Mobile,373
T01130,CUST0457,Email,C002,2024-08-27 00:00:00,True,181.51,Tablet,489
T01131,CUST0458,Email,C015,2024-10-27 00:00:00,False,0.0,Tablet,43
T01132,CUST0458,Email,C015,2024-11-01 00:00:00,True,297.88,Mobile,157
T01133,CUST0459,Social,C092,2024-01-25 00:00:00,False,0.0,Mobile,111
T01134,CUST0459,Social,C068,2024-01-28 00:00:00,False,0.0,Mobile,413
T01135,CUST0459,Paid_Ad,C064,2024-01-31 00:00:00,False,0.0,Desktop,236
T01136,CUST0459,Email,C010,2024-02-03 00:00:00,True,110.48,Desktop,239
T01137,CUST0460,Social,C093,2024-10-19 00:00:00,False,0.0,Tablet,366
T01138,CUST0460,Email,C009,2024-10-22 00:00:00,False,0.0,Desktop,355
T01139,CUST0460,Paid_Ad,C035,2024-10-25 00:00:00,True,236.26,Tablet,454
T01140,CUST0461,Social,C079,2024-03-11 00:00:00,False,0.0,Tablet,369
T01141,CUST0461,Social,C086,2024-03-12 00:00:00,False,0.0,Mobile,240
T01142,CUST0461,Paid_Ad,C036,2024-03-13 00:00:00,False,0.0,Tablet,284
T01143,CUST0461,Email,C015,2024-03-14 00:00:00,True,149.94,Tablet,420
T01144,CUST0462,Organic,C108,2024-02-09 00:00:00,False,0.0,Desktop,36
T01145,CUST0462,Email,C005,2024-02-12 00:00:00,True,145.13,Desktop,101
T01146,CUST0463,Organic,C106,2024-09-18 00:00:00,False,0.0,Mobile,158
T01147,CUST0463,Paid_Ad,C038,2024-09-19 00:00:00,True,210.06,Mobile,592
T01148,CUST0464,Organic,C102,2024-09-01 00:00:00,False,0.0,Desktop,508
T01149,CUST0464,Paid_Ad,C052,2024-09-03 00:00:00,True,124.96,Mobile,232
T01150,CUST0465,Organic,C108,2024-06-25 00:00:00,False,0.0,Tablet,284
T01151,CUST0465,Paid_Ad,C052,2024-06-29 00:00:00,True,215.27,Desktop,489
T01152,CUST0466,Organic,C127,2024-12-20 00:00:00,False,0.0,Mobile,398
T01153,CUST0466,Paid_Ad,C058,2024-12-23 00:00:00,True,251.65,Desktop,201
T01154,CUST0467,Social,C092,2024-07-02 00:00:00,False,0.0,Tablet,473
T01155,CUST0467,Paid_Ad,C042,2024-07-06 00:00:00,True,147.59,Desktop,50
T01156,CUST0468,Email,C006,2024-04-16 00:00:00,False,0.0,Desktop,580
T01157,CUST0468,Email,C010,2024-04-20 00:00:00,True,152.18,Tablet,209
T01158,CUST0469,Social,C094,2024-02-17 00:00:00,False,0.0,Desktop,494
T01159,CUST0469,Social,C083,2024-02-23 00:00:00,False,0.0,Desktop,522
T01160,CUST0469,Paid_Ad,C037,2024-02-29 00:00:00,False,0.0,Desktop,169
T01161,CUST0469,Email,C031,2024-03-06 00:00:00,True,147.76,Mobile,188
T01162,CUST0470,Organic,C097,2024-07-02 00:00:00,False,0.0,Tablet,413
T01163,CUST0470,Paid_Ad,C064,2024-07-03 00:00:00,True,270.24,Desktop,455
T01164,CUST0471,Email,C025,2024-08-27 00:00:00,False,0.0,Desktop,345
T01165,CUST0471,Email,C005,2024-08-30 00:00:00,True,187.93,Desktop,69
T01166,CUST0472,Email,C011,2024-02-27 00:00:00,True,242.5,Mobile,476
T01167,CUST0473,Social,C096,2024-04-21 00:00:00,False,0.0,Tablet,407
T01168,CUST0473,Social,C068,2024-04-26 00:00:00,False,0.0,Tablet,424
T01169,CUST0473,Paid_Ad,C060,2024-05-01 00:00:00,False,0.0,Tablet,282
T01170,CUST0473,Email,C016,2024-05-06 00:00:00,True,225.69,Desktop,65
T01171,CUST0474,Paid_Ad,C042,2024-11-04 00:00:00,False,0.0,Desktop,496
T01172,CUST0474,Organic,C106,2024-11-05 00:00:00,True,303.54,Desktop,283
T01173,CUST0475,Paid_Ad,C033,2024-10-13 00:00:00,False,0.0,Mobile,124
T01174,CUST0475,Email,C025,2024-10-16 00:00:00,False,0.0,Desktop,112
T01175,CUST0475,Social,C077,2024-10-19 00:00:00,False,0.0,Desktop,199
T01176,CUST0475,Email,C028,2024-10-22 00:00:00,True,249.35,Desktop,339
T01177,CUST0476,Organic,C121,2024-08-10 00:00:00,False,0.0,Tablet,345
T01178,CUST0476,Email,C027,2024-08-15 00:00:00,True,209.39,Tablet,121
T01179,CUST0477,Email,C010,2024-04-06 00:00:00,True,301.83,Desktop,244
T01180,CUST0478,Email,C001,2024-08-25 00:00:00,False,0.0,Mobile,533
T01181,CUST0478,Email,C001,2024-08-28 00:00:00,True,244.16,Mobile,101
T01182,CUST0479,Email,C027,2024-10-25 00:00:00,False,0.0,Tablet,325
T01183,CUST0479,Email,C028,2024-10-30 00:00:00,True,254.88,Mobile,210
T01184,CUST0480,Paid_Ad,C041,2024-01-19 00:00:00,False,0.0,Mobile,528
T01185,CUST0480,Organic,C108,2024-01-21 00:00:00,True,173.01,Tablet,142
T01186,CUST0481,Social,C076,2024-12-17 00:00:00,False,0.0,Mobile,90
T01187,CUST0481,Paid_Ad,C044,2024-12-19 00:00:00,True,100.42,Mobile,295
T01188,CUST0482,Email,C007,2024-02-03 00:00:00,False,0.0,Tablet,200
T01189,CUST0482,Email,C006,2024-02-07 00:00:00,True,289.95,Desktop,117
T01190,CUST0483,Email,C018,2024-01-01 00:00:00,False,0.0,Mobile,380
T01191,CUST0483,Email,C002,2024-01-02 00:00:00,True,227.0,Tablet,270
T01192,CUST0484,Social,C071,2024-06-01 00:00:00,False,0.0,Mobile,92
T01193,CUST0484,Paid_Ad,C050,2024-06-05 00:00:00,True,191.42,Mobile,72
T01194,CUST0485,Email,C001,2024-09-26 00:00:00,True,236.36,Desktop,562
T01195,CUST0486,Social,C095,2024-09-15 00:00:00,False,0.0,Desktop,469
T01196,CUST0486,Social,C086,2024-09-21 00:00:00,False,0.0,Desktop,381
T01197,CUST0486,Paid_Ad,C053,2024-09-27 00:00:00,False,0.0,Mobile,399
T01198,CUST0486,Email,C026,2024-10-03 00:00:00,True,114.02,Desktop,88
T01199,CUST0487,Paid_Ad,C039,2024-12-20 00:00:00,False,0.0,Mobile,497
T01200,CUST0487,Organic,C122,2024-12-23 00:00:00,True,207.61,Tablet,172
T01201,CUST0488,Social,C082,2024-03-17 00:00:00,False,0.0,Tablet,284
T01202,CUST0488,Email,C024,2024-03-19 00:00:00,False,0.0,Desktop,516
T01203,CUST0488,Paid_Ad,C059,2024-03-21 00:00:00,True,137.18,Tablet,222
T01204,CUST0489,Social,C066,2024-12-13 00:00:00,False,0.0,Tablet,398
T01205,CUST0489,Email,C003,2024-12-17 00:00:00,False,0.0,Tablet,363
T01206,CUST0489,Paid_Ad,C061,2024-12-21 00:00:00,True,126.86,Mobile,526
T01207,CUST0490,Email,C023,2024-10-31 00:00:00,False,0.0,Desktop,517
T01208,CUST0490,Email,C007,2024-11-01 00:00:00,True,98.81,Tablet,424
T01209,CUST0491,Social,C074,2024-06-30 00:00:00,False,0.0,Tablet,546
T01210,CUST0491,Social,C067,2024-07-03 00:00:00,False,0.0,Mobile,539
T01211,CUST0491,Paid_Ad,C038,2024-07-06 00:00:00,False,0.0,Desktop,591
T01212,CUST0491,Email,C030,2024-07-09 00:00:00,True,213.88,Mobile,486
T01213,CUST0492,Email,C016,2024-03-21 00:00:00,True,262.51,Mobile,246
T01214,CUST0493,Paid_Ad,C039,2024-10-27 00:00:00,False,0.0,Desktop,59
T01215,CUST0493,Social,C075,2024-10-29 00:00:00,False,0.0,Desktop,422
T01216,CUST0493,Email,C018,2024-10-31 00:00:00,True,225.51,Mobile,293
T01217,CUST0494,Social,C073,2023-12-29 00:00:00,False,0.0,Tablet,533
T01218,CUST0494,Paid_Ad,C038,2023-12-30 00:00:00,True,130.28,Tablet,370
T01219,CUST0495,Organic,C118,2024-10-24 00:00:00,False,0.0,Desktop,420
T01220,CUST0495,Paid_Ad,C060,2024-10-25 00:00:00,True,170.98,Mobile,258
T01221,CUST0496,Social,C083,2024-10-04 00:00:00,False,0.0,Mobile,144
T01222,CUST0496,Social,C070,2024-10-06 00:00:00,False,0.0,Desktop,222
T01223,CUST0496,Paid_Ad,C040,2024-10-08 00:00:00,False,0.0,Tablet,406
T01224,CUST0496,Email,C009,2024-10-10 00:00:00,True,162.83,Desktop,419
T01225,CUST0497,Paid_Ad,C052,2024-07-19 00:00:00,False,0.0,Mobile,578
T01226,CUST0497,Email,C013,2024-07-20 00:00:00,False,0.0,Desktop,463
T01227,CUST0497,Social,C085,2024-07-21 00:00:00,False,0.0,Desktop,159
T01228,CUST0497,Email,C015,2024-07-22 00:00:00,True,84.78,Mobile,434
T01229,CUST0498,Social,C094,2024-08-25 00:00:00,False,0.0,Desktop,178
T01230,CUST0498,Email,C019,2024-08-31 00:00:00,False,0.0,Mobile,541
T01231,CUST0498,Paid_Ad,C062,2024-09-06 00:00:00,True,141.11,Mobile,320
T01232,CUST0499,Paid_Ad,C053,2024-08-10 00:00:00,False,0.0,Desktop,544
T01233,CUST0499,Social,C072,2024-08-11 00:00:00,False,0.0,Desktop,519
T01234,CUST0499,Email,C014,2024-08-12 00:00:00,True,236.02,Desktop,328
T01235,CUST0500,Email,C022,2024-10-25 00:00:00,False,0.0,Mobile,245
T01236,CUST0500,Email,C015,2024-10-26 00:00:00,True,164.97,Tablet,83
